{
  "experiment": "Phase 10 Tier 2: Clean BoTorch Benchmark",
  "dataset": "UCI Superconductivity",
  "n_seeds": 5,
  "timestamp": "2025-10-09T13:03:12.568582",
  "results": {
    "dkl": {
      "mean_rmse": 17.1084589748537,
      "std_rmse": 0.22155181562992157,
      "min_rmse": 16.84583257437608,
      "max_rmse": 17.362026657027684,
      "rmse_histories": [
        [
          24.52710652324986,
          23.477508101802464,
          23.85248625261186,
          21.025315108629115,
          20.288096370236048,
          21.458597626254225,
          20.941875999618905,
          19.48056574407748,
          20.14934463422814,
          19.621236147078886,
          18.685499122368412,
          18.550880325746707,
          19.123752207422267,
          18.20176814149565,
          17.2395302789306,
          17.744387769938637,
          17.13885783273098,
          17.011630289442238,
          17.212006165760005,
          17.087179446772133
        ],
        [
          23.744927255374623,
          22.883126769711904,
          20.295130919497318,
          21.857959461608115,
          20.53962576604046,
          20.43445167854624,
          20.280975497189356,
          18.008526550362042,
          18.783400777651604,
          19.13079633840899,
          18.53069346113155,
          19.177508213687858,
          18.483982924867217,
          18.63303285653927,
          17.46613082411011,
          16.84013079431919,
          16.877070078158972,
          17.554252248213484,
          17.069324462797834,
          17.362026657027684
        ],
        [
          22.820976694782818,
          20.524980722957526,
          20.502126138224693,
          19.685601100165478,
          21.703125683301135,
          19.345603111609922,
          20.267573996809766,
          18.74266138250223,
          18.48152905238782,
          19.032727044561497,
          18.268389251523427,
          18.1605648977472,
          19.263242751964796,
          17.684649540716176,
          17.833502647446114,
          17.92675601099928,
          16.995672131432062,
          17.259483782436828,
          16.972084850539442,
          17.359471071718854
        ],
        [
          22.203815509950367,
          20.582613983537012,
          20.502308173434553,
          20.136159271632234,
          20.666053880245236,
          19.42916835048288,
          20.356646869117565,
          20.274257493125482,
          19.783182043381306,
          19.188400788415077,
          18.801361031747312,
          18.471386774665543,
          18.891270047374505,
          17.883258817417392,
          17.87353970898839,
          17.772532301599814,
          17.421272669987538,
          17.03967172207977,
          17.429973184454916,
          16.84583257437608
        ],
        [
          23.31648798056904,
          19.825746572978556,
          20.88500260919226,
          21.08649600204791,
          19.786327249823074,
          19.891002887757608,
          19.35094336146549,
          18.861094202467584,
          18.190639385522623,
          18.950710527385215,
          18.47641696804776,
          17.923377043761544,
          18.635708839496132,
          17.638569146791067,
          18.09070527664374,
          17.351082204401227,
          17.002089180257002,
          16.977790547308775,
          17.399148640422396,
          16.887785124373767
        ]
      ]
    },
    "gp": {
      "mean_rmse": 19.819959410148208,
      "std_rmse": 1.9768558433401386,
      "min_rmse": 17.56962252731862,
      "max_rmse": 22.761477704988323,
      "rmse_histories": [
        [
          27.073477339197026,
          26.869475457233705,
          25.429158332137455,
          25.808091703433846,
          24.66326053476084,
          24.117064652003307,
          24.391139536399198,
          24.59317542792667,
          23.91455173835591,
          23.512976556477483,
          23.87060586925155,
          24.40124224353834,
          24.21397328124153,
          24.213788064275306,
          23.06646800499087,
          22.70334239254351,
          22.11211168991732,
          21.644489435847195,
          21.216272251712017,
          20.94527635851794
        ],
        [
          23.19285072471869,
          22.559043061250847,
          22.00573831109672,
          22.270898640918713,
          21.281054897711595,
          20.552971600626083,
          20.127268610029105,
          20.05387172843982,
          19.634209705126043,
          18.905465033440993,
          18.755419104802904,
          18.566417111063636,
          19.32258915400618,
          19.06678763570555,
          18.833389158847435,
          19.713447052154375,
          17.886752741313902,
          17.87050423567973,
          17.818712740733904,
          17.56962252731862
        ],
        [
          24.814924818408297,
          24.413480946858616,
          24.42758984756522,
          21.186905036998585,
          20.54226024397539,
          20.048472834994993,
          19.68035468183399,
          19.84874895692983,
          19.28035388679577,
          17.916477255395737,
          17.833702378376522,
          17.525302823380237,
          17.497254019216054,
          17.539825672958084,
          17.54688957219685,
          17.58331197962499,
          17.591101011420648,
          17.578463948048764,
          17.55804307481647,
          17.706082223332956
        ],
        [
          27.011250287227362,
          25.268309259473906,
          25.00435574186413,
          24.77756681792955,
          24.684147480646875,
          24.521657904298696,
          23.428016767686366,
          23.400072486761236,
          23.139633554612196,
          22.916023195329426,
          23.72277325074938,
          23.479898276472962,
          24.162810199398105,
          23.135218091878077,
          23.13327594517038,
          22.83077418716045,
          22.771881983107075,
          22.612518515059495,
          22.355000641259743,
          22.761477704988323
        ],
        [
          25.956720350730148,
          23.45595304266204,
          22.676096768066945,
          22.947143359297712,
          22.722363986678964,
          21.39784683580426,
          21.42340274636606,
          20.825853809143332,
          21.104989922443867,
          20.526958370600273,
          20.57288130993104,
          18.804801534038212,
          18.32375803588953,
          18.426451643138833,
          18.302484550015876,
          18.266223598949356,
          19.00425718341,
          19.804198163207577,
          20.451597692320018,
          20.11733823658319
        ]
      ]
    },
    "random": {
      "mean_rmse": 34.381176190872125,
      "std_rmse": 0.057610185444029495,
      "min_rmse": 34.34603133143466,
      "max_rmse": 34.49495192555109,