{
  "experiment": "Phase 10 Tier 2: Clean BoTorch Benchmark",
  "dataset": "UCI Superconductivity",
  "n_seeds": 5,
  "timestamp": "2025-10-09T12:29:14.479678",
  "results": {
    "dkl": {
      "mean_rmse": 48.6830281709444,
      "std_rmse": 0.00012700717864622883,
      "min_rmse": 48.68285266091104,
      "max_rmse": 48.683210442547846,
      "rmse_histories": [
        [
          48.682654966343826,
          48.68284093892529,
          48.68320988084939,
          48.68274980824617,
          48.68241283738132,
          48.68378036170605,
          48.682922560227205,
          48.682743677804325,
          48.683638953838226,
          48.682261513491085,
          48.68330538881981,
          48.683096943948584,
          48.683265969375704,
          48.682470816493655,
          48.68330405569098,
          48.68287632996481,
          48.68296880257886,
          48.68344799487045,
          48.682700852187914,
          48.68312592432924
        ],
        [
          48.68308938628421,
          48.68274287288687,
          48.68358625176877,
          48.683591794375936,
          48.6829341097966,
          48.68314911481749,
          48.68252407146675,
          48.68265931797274,
          48.68299479536743,
          48.68271485721346,
          48.6822342888106,
          48.68257085384828,
          48.682829110675875,
          48.68358069068083,
          48.683384082262414,
          48.68340331077056,
          48.68257496521641,
          48.68315582136372,
          48.68265439805135,
          48.68300428595143
        ],
        [
          48.68357569954677,
          48.682585240338035,
          48.68339162132578,
          48.68239814897638,
          48.68297422020343,
          48.68374983427147,
          48.68335817474401,
          48.68247826796219,
          48.68318224163025,
          48.683155522198575,
          48.68257725587365,
          48.682910423058885,
          48.68229705889091,
          48.683022930833204,
          48.68329697289809,
          48.6833371755127,
          48.683006938331964,
          48.68218210637259,
          48.68294827775392,
          48.683210442547846
        ],
        [
          48.68283027003627,
          48.68332335330769,
          48.683621995647265,
          48.68309712034525,
          48.683360052248226,
          48.68259504287538,
          48.683287416252924,
          48.6831602114846,
          48.68219390773495,
          48.68365566484589,
          48.68373245113362,
          48.682367567617845,
          48.68355297617241,
          48.68235680081662,
          48.68277975884497,
          48.68226337445258,
          48.682888077040566,
          48.68239890636571,
          48.6831339702669,
          48.68285266091104
        ],
        [
          48.68395117509848,
          48.68390996704834,
          48.68359219750167,
          48.68387218256814,
          48.68246865718838,
          48.68313773845916,
          48.68332249046165,
          48.68240155112317,
          48.68233616255661,
          48.682410106488774,
          48.68342703256345,
          48.683653218696314,
          48.68252766602276,
          48.68304573910795,
          48.6825866531468,
          48.682463703954305,
          48.683343421701835,
          48.682682298183614,
          48.68258881542743,
          48.682947540982425
        ]
      ]
    },
    "gp": {
      "mean_rmse": 19.819959410148208,
      "std_rmse": 1.9768558433401386,
      "min_rmse": 17.56962252731862,
      "max_rmse": 22.761477704988323,
      "rmse_histories": [
        [
          27.073477339197026,
          26.869475457233705,
          25.429158332137455,
          25.808091703433846,
          24.66326053476084,
          24.117064652003307,
          24.391139536399198,
          24.59317542792667,
          23.91455173835591,
          23.512976556477483,
          23.87060586925155,
          24.40124224353834,
          24.21397328124153,
          24.213788064275306,
          23.06646800499087,
          22.70334239254351,
          22.11211168991732,
          21.644489435847195,
          21.216272251712017,
          20.94527635851794
        ],
        [
          23.19285072471869,
          22.559043061250847,
          22.00573831109672,
          22.270898640918713,
          21.281054897711595,
          20.552971600626083,
          20.127268610029105,
          20.05387172843982,
          19.634209705126043,
          18.905465033440993,
          18.755419104802904,
          18.566417111063636,
          19.32258915400618,
          19.06678763570555,
          18.833389158847435,
          19.713447052154375,
          17.886752741313902,
          17.87050423567973,
          17.818712740733904,
          17.56962252731862
        ],
        [
          24.814924818408297,
          24.413480946858616,
          24.42758984756522,
          21.186905036998585,
          20.54226024397539,
          20.048472834994993,
          19.68035468183399,
          19.84874895692983,
          19.28035388679577,
          17.916477255395737,
          17.833702378376522,
          17.525302823380237,
          17.497254019216054,
          17.539825672958084,
          17.54688957219685,
          17.58331197962499,
          17.591101011420648,
          17.578463948048764,
          17.55804307481647,
          17.706082223332956
        ],
        [
          27.011250287227362,
          25.268309259473906,
          25.00435574186413,
          24.77756681792955,
          24.684147480646875,
          24.521657904298696,
          23.428016767686366,
          23.400072486761236,
          23.139633554612196,
          22.916023195329426,
          23.72277325074938,
          23.479898276472962,
          24.162810199398105,
          23.135218091878077,
          23.13327594517038,
          22.83077418716045,
          22.771881983107075,
          22.612518515059495,
          22.355000641259743,
          22.761477704988323
        ],
        [
          25.956720350730148,
          23.45595304266204,
          22.676096768066945,
          22.947143359297712,
          22.722363986678964,
          21.39784683580426,
          21.42340274636606,
          20.825853809143332,
          21.104989922443867,
          20.526958370600273,
          20.57288130993104,
          18.804801534038212,
          18.32375803588953,
          18.426451643138833,
          18.302484550015876,
          18.266223598949356,
          19.00425718341,
          19.804198163207577,
          20.451597692320018,
          20.11733823658319
        ]
      ]
    },
    "random": {
      "mean_rmse": 34.381176190872125,
      "std_rmse": 0.057610185444029495,
      "min_rmse": 34.34603133143466,
      "max_rmse": 34.49495192555109,