{
  "config": {
    "batch": 32,
    "heads": 8,
    "seq": 1024,
    "dim": 64,
    "dtype": "torch.float16",
    "iterations": 100,
    "warmup": 20
  },
  "statistics": {
    "median_ms": 1.331712007522583,
    "mean_ms": 1.2760166478157045,
    "std_ms": 0.10430086637171367,
    "ci_95_lower": 1.171455979347229,
    "ci_95_upper": 1.3670400381088257,
    "n_samples": 100
  },
  "performance": {
    "throughput_gflops": 51602.355725424866,
    "bandwidth_gb_s": 100.78585102622044
  },
  "memory": {
    "peak_mb": 161.0,
    "allocated_mb": 128.0,
    "reserved_mb": 162.0,
    "peak_allocated_mb": 161.0,
    "peak_reserved_mb": 162.0
  },
  "raw_latencies": [
    1.2789759635925293,
    1.299456000328064,
    1.1847679615020752,
    1.1724799871444702,
    1.1683839559555054,
    1.171455979347229,
    1.1735039949417114,
    1.1694079637527466,
    1.171455979347229,
    1.1683839559555054,
    1.1683839559555054,
    1.1776000261306763,
    1.176576018333435,
    1.1663360595703125,
    1.1694079637527466,
    1.1663360595703125,
    1.1673599481582642,
    1.1653120517730713,
    1.1673599481582642,
    1.1663360595703125,
    1.1704319715499878,
    1.1673599481582642,
    1.1694079637527466,
    1.1663360595703125,
    1.1683839559555054,
    1.1663360595703125,
    1.1673599481582642,
    1.1724799871444702,
    1.1704319715499878,
    1.1683839559555054,
    1.1673599481582642,
    1.1632640361785889,
    1.1673599481582642,
    1.1683839559555054,
    1.1683839559555054,
    1.1653120517730713,
    1.1673599481582642,
    1.171455979347229,
    1.1673599481582642,
    1.1653120517730713,
    1.1683839559555054,
    1.1694079637527466,
    1.1673599481582642,
    1.1653120517730713,
    1.1735039949417114,
    1.1673599481582642,
    1.1663360595703125,
    1.1683839559555054,
    1.171455979347229,
    1.16428804397583,
    1.363968014717102,
    1.368064045906067,
    1.3660160303115845,
    1.363968014717102,
    1.3670400381088257,
    1.3649920225143433,
    1.3649920225143433,
    1.3660160303115845,
    1.3670400381088257,
    1.369088053703308,
    1.3660160303115845,
    1.3649920225143433,
    1.3660160303115845,
    1.3670400381088257,
    1.3752319812774658,
    1.3844480514526367,
    1.3844480514526367,
    1.3844480514526367,
    1.3824000358581543,
    1.3834240436553955,
    1.3844480514526367,
    1.3803520202636719,
    1.3926399946212769,
    1.388543963432312,
    1.385472059249878,
    1.3783040046691895,
    1.3824000358581543,
    1.3824000358581543,
    1.385472059249878,
    1.3834240436553955,
    1.388543963432312,
    1.3803520202636719,
    1.381376028060913,
    1.381376028060913,
    1.3824000358581543,
    1.3803520202636719,
    1.3844480514526367,
    1.381376028060913,
    1.3834240436553955,
    1.381376028060913,
    1.3926399946212769,
    1.3824000358581543,
    1.3834240436553955,
    1.381376028060913,
    1.3824000358581543,
    1.381376028060913,
    1.3793280124664307,
    1.376255989074707,
    1.3824000358581543,
    1.3824000358581543
  ],
  "timestamp": "2025-10-13 20:25:25",
  "gpu": "NVIDIA L4",
  "pytorch_version": "2.2.1+cu121"
}