{
  "config": {
    "batch": 32,
    "heads": 8,
    "seq": 256,
    "dim": 64,
    "dtype": "torch.float16",
    "iterations": 100,
    "warmup": 20
  },
  "statistics": {
    "median_ms": 0.10444799810647964,
    "mean_ms": 0.1093513584882021,
    "std_ms": 0.02501619203666087,
    "ci_95_lower": 0.10342399775981903,
    "ci_95_upper": 0.10444799810647964,
    "n_samples": 100
  },
  "performance": {
    "throughput_gflops": 41120.6281964494,
    "bandwidth_gb_s": 321.2549077847609
  },
  "memory": {
    "peak_mb": 40.25,
    "allocated_mb": 32.0,
    "reserved_mb": 62.0,
    "peak_allocated_mb": 40.25,
    "peak_reserved_mb": 62.0
  },
  "raw_latencies": [
    0.3051519989967346,
    0.2519040107727051,
    0.11875200271606445,
    0.12083200365304947,
    0.11161600053310394,
    0.10547199845314026,
    0.10444799810647964,
    0.10444799810647964,
    0.10444799810647964,
    0.10547199845314026,
    0.10547199845314026,
    0.12390399724245071,
    0.10649599879980087,
    0.10342399775981903,
    0.10444799810647964,
    0.10342399775981903,
    0.10239999741315842,
    0.10239999741315842,
    0.11468800157308578,
    0.11059200018644333,
    0.10444799810647964,
    0.10454399883747101,
    0.10444799810647964,
    0.10239999741315842,
    0.10444799810647964,
    0.10332799702882767,
    0.12185599654912949,
    0.10444799810647964,
    0.10444799810647964,
    0.10342399775981903,
    0.10342399775981903,
    0.10339199751615524,
    0.10444799810647964,
    0.11161600053310394,
    0.11059200018644333,
    0.10342399775981903,
    0.10444799810647964,
    0.10444799810647964,
    0.10342399775981903,
    0.10345599800348282,
    0.1013759970664978,
    0.1085439994931221,
    0.10751999914646149,
    0.10342399775981903,
    0.10342399775981903,
    0.10332799702882767,
    0.10239999741315842,
    0.10342399775981903,
    0.11366400122642517,
    0.11161600053310394,
    0.10444799810647964,
    0.10239999741315842,
    0.10342399775981903,
    0.10444799810647964,
    0.10342399775981903,
    0.10444799810647964,
    0.10649599879980087,
    0.10956799983978271,
    0.10547199845314026,
    0.10239999741315842,
    0.10342399775981903,
    0.10342399775981903,
    0.10956799983978271,
    0.11260800063610077,
    0.10956799983978271,
    0.10444799810647964,
    0.10444799810647964,
    0.10239999741315842,
    0.10342399775981903,
    0.10441599786281586,
    0.10239999741315842,
    0.10649599879980087,
    0.10956799983978271,
    0.10239999741315842,
    0.10239999741315842,
    0.10345599800348282,
    0.10239999741315842,
    0.10342399775981903,
    0.10342399775981903,
    0.12185599654912949,
    0.10649599879980087,
    0.10239999741315842,
    0.10342399775981903,
    0.10239999741315842,
    0.10342399775981903,
    0.10239999741315842,
    0.11366400122642517,
    0.10956799983978271,
    0.10239999741315842,
    0.10342399775981903,
    0.10444799810647964,
    0.10342399775981903,
    0.10239999741315842,
    0.10649599879980087,
    0.10649599879980087,
    0.10751999914646149,
    0.10342399775981903,
    0.10444799810647964,
    0.10342399775981903,
    0.10239999741315842
  ],
  "timestamp": "2025-10-13 20:25:25",
  "gpu": "NVIDIA L4",
  "pytorch_version": "2.2.1+cu121"
}