{
  "config": {
    "batch": 32,
    "heads": 8,
    "seq": 512,
    "dim": 64,
    "dtype": "torch.float16",
    "iterations": 100,
    "warmup": 20
  },
  "statistics": {
    "median_ms": 0.3251200020313263,
    "mean_ms": 0.33261215955018997,
    "std_ms": 0.02370226769128277,
    "ci_95_lower": 0.32256001234054565,
    "ci_95_upper": 0.3271680027246475,
    "n_samples": 100
  },
  "performance": {
    "throughput_gflops": 52841.624866699734,
    "bandwidth_gb_s": 206.41259713554584
  },
  "memory": {
    "peak_mb": 80.5,
    "allocated_mb": 64.0,
    "reserved_mb": 94.0,
    "peak_allocated_mb": 80.5,
    "peak_reserved_mb": 94.0
  },
  "raw_latencies": [
    0.48947200179100037,
    0.4586560130119324,
    0.3399679958820343,
    0.32256001234054565,
    0.319487988948822,
    0.32767999172210693,
    0.3224959969520569,
    0.32153600454330444,
    0.3256320059299469,
    0.32051199674606323,
    0.32150399684906006,
    0.3256320059299469,
    0.32256001234054565,
    0.32153600454330444,
    0.3256320059299469,
    0.319487988948822,
    0.3409920036792755,
    0.32256001234054565,
    0.3184640109539032,
    0.32767999172210693,
    0.32051199674606323,
    0.3164159953594208,
    0.3307519853115082,
    0.32051199674606323,
    0.319487988948822,
    0.3246079981327057,
    0.32051199674606323,
    0.319487988948822,
    0.3266560137271881,
    0.32153600454330444,
    0.3246079981327057,
    0.32767999172210693,
    0.32153600454330444,
    0.32256001234054565,
    0.3246079981327057,
    0.319487988948822,
    0.32767999172210693,
    0.3235839903354645,
    0.3214719891548157,
    0.3266560137271881,
    0.319487988948822,
    0.319487988948822,
    0.32870399951934814,
    0.32153600454330444,
    0.3246079981327057,
    0.32767999172210693,
    0.3184640109539032,
    0.319487988948822,
    0.3266560137271881,
    0.32153600454330444,
    0.32870399951934814,
    0.3256320059299469,
    0.319487988948822,
    0.33689600229263306,
    0.3235839903354645,
    0.319487988948822,
    0.3307519853115082,
    0.32051199674606323,
    0.319487988948822,
    0.32870399951934814,
    0.32051199674606323,
    0.319487988948822,
    0.32870399951934814,
    0.32256001234054565,
    0.31942400336265564,
    0.32870399951934814,
    0.32256001234054565,
    0.32767999172210693,
    0.3256320059299469,
    0.319487988948822,
    0.3317759931087494,
    0.32153600454330444,
    0.32153600454330444,
    0.3266560137271881,
    0.319487988948822,
    0.3246079981327057,
    0.3266560137271881,
    0.32153600454330444,
    0.32256001234054565,
    0.3481599986553192,
    0.35020801424980164,
    0.35120001435279846,
    0.3543039858341217,
    0.347135990858078,
    0.3543039858341217,
    0.3461120128631592,
    0.3481599986553192,
    0.35839998722076416,
    0.35020801424980164,
    0.35225600004196167,
    0.35225600004196167,
    0.3461120128631592,
    0.3543039858341217,
    0.3491840064525604,
    0.3481599986553192,
    0.3543039858341217,
    0.3481599986553192,
    0.3614720106124878,
    0.35225600004196167,
    0.3481599986553192
  ],
  "timestamp": "2025-10-13 20:25:25",
  "gpu": "NVIDIA L4",
  "pytorch_version": "2.2.1+cu121"
}