{
  "shape": {
    "B": 1,
    "H": 1,
    "S": 32,
    "D": 64
  },
  "is_causal": false,
  "oracle": {
    "S_range": [
      -3.393671751022339,
      3.320239543914795
    ],
    "P_range": [
      0.0006179165793582797,
      0.34610942006111145
    ],
    "O_range": [
      -1.2458561658859253,
      1.0353602170944214
    ]
  },
  "v2": {
    "O": {
      "max_abs_diff": 0.000376284122467041,
      "mean_abs_diff": 5.204775516176596e-05,
      "max_rel_diff": 0.10857966542243958,
      "mean_rel_diff": 0.0007216140511445701,
      "worst_idx": [
        24,
        41
      ],
      "ref_val": 0.972768247127533,
      "test_val": 0.97314453125,
      "passed": 