{
  "config": {
    "batch": 32,
    "heads": 8,
    "seq": 512,
    "dim": 64,
    "dtype": "torch.float16",
    "iterations": 100,
    "warmup": 20
  },
  "statistics": {
    "median_ms": 0.32969599962234497,
    "mean_ms": 0.34133823961019516,
    "std_ms": 0.028451789171754473,
    "ci_95_lower": 0.32767999172210693,
    "ci_95_upper": 0.3317759931087494,
    "n_samples": 100
  },
  "performance": {
    "throughput_gflops": 52108.21242501859,
    "bandwidth_gb_s": 203.54770478522886
  },
  "memory": {
    "peak_mb": 80.5,
    "allocated_mb": 64.0,
    "reserved_mb": 82.0,
    "peak_allocated_mb": 80.5,
    "peak_reserved_mb": 82.0
  },
  "raw_latencies": [
    0.4915199875831604,
    0.462911993265152,
    0.3553279936313629,
    0.3255999982357025,
    0.3235839903354645,
    0.3317759931087494,
    0.3235839903354645,
    0.3328000009059906,
    0.3317759931087494,
    0.3214719891548157,
    0.3296639919281006,
    0.3246079981327057,
    0.3235839903354645,
    0.3246079981327057,
    0.3246079981327057,
    0.3235839903354645,
    0.33484798669815063,
    0.3256320059299469,
    0.3235839903354645,
    0.33081600069999695,
    0.32256001234054565,
    0.32150399684906006,
    0.3317759931087494,
    0.32153600454330444,
    0.3409920036792755,
    0.3246079981327057,
    0.32256001234054565,
    0.3256320059299469,
    0.3235839903354645,
    0.32256001234054565,
    0.3317759931087494,
    0.3246079981327057,
    0.32051199674606323,
    0.34508800506591797,
    0.3296639919281006,
    0.3235839903354645,
    0.3317759931087494,
    0.32153600454330444,
    0.34303998947143555,
    0.3246079981327057,
    0.3246079981327057,
    0.3307519853115082,
    0.32870399951934814,
    0.3266560137271881,
    0.35123199224472046,
    0.3266560137271881,
    0.3266240060329437,
    0.33792001008987427,
    0.3266560137271881,
    0.3235839903354645,
    0.33484798669815063,
    0.3266560137271881,
    0.3317759931087494,
    0.3256320059299469,
    0.3256320059299469,
    0.33484798669815063,
    0.32767999172210693,
    0.32870399951934814,
    0.33484798669815063,
    0.3256320059299469,
    0.3266560137271881,
    0.33689600229263306,
    0.32767999172210693,
    0.3420160114765167,
    0.3317759931087494,
    0.32972800731658936,
    0.3328000009059906,
    0.32870399951934814,
    0.32767999172210693,
    0.34095999598503113,
    0.3266560137271881,
    0.32767999172210693,
    0.3328000009059906,
    0.32870399951934814,
    0.3256320059299469,
    0.32972800731658936,
    0.32767999172210693,
    0.32767999172210693,
    0.3307519853115082,
    0.32767999172210693,
    0.35225600004196167,
    0.37273600697517395,
    0.3686400055885315,
    0.37990400195121765,
    0.3696640133857727,
    0.37273600697517395,
    0.37273600697517395,
    0.43827199935913086,
    0.38092800974845886,
    0.374783992767334,
    0.3768320083618164,
    0.3696640133857727,
    0.37273600697517395,
    0.374783992767334,
    0.3696640133857727,
    0.3758080005645752,
    0.3686400055885315,
    0.3758080005645752,
    0.3696640133857727,
    0.3686400055885315
  ],
  "timestamp": "2025-10-13 20:19:19",
  "gpu": "NVIDIA L4",
  "pytorch_version": "2.2.1+cu121"
}