{
  "config": {
    "batch_size": 32,
    "num_heads": 8,
    "seq_len": 128,
    "head_dim": 64,
    "dtype": "float16",
    "iterations": 100,
    "warmup": 20
  },
  "results": {
    "statistics": {
      "median_ms": 0.060416001826524734,
      "mean_ms": 0.06568320076912641,
      "std_ms": 0.024806895344887704,
      "ci_95_lower": 0.05943999998271465,
      "ci_95_upper": 0.060416001826524734,
      "iterations": 100
    },
    "performance": {
      "throughput_gflops": 16347.282279591638,
      "bandwidth_gb_s": 255.42628561861935
    },
    "memory": {
      "allocated_mb": 16.0,
      "reserved_mb": 22.0,
      "peak_allocated_mb": 16.125,
      "peak_reserved_mb": 22.0
    },
    "raw_latencies": [
      0.2868160009384155,
      0.1125119999051094,
      0.07065600156784058,
      0.06451199948787689,
      0.062431998550891876,
      0.06143999844789505,
      0.06143999844789505,
      0.060416001826524734,
      0.060416001826524734,
      0.06054399907588959,
      0.062463998794555664,
      0.1382399946451187,
      0.07168000191450119,
      0.06147199869155884,
      0.060416001826524734,
      0.060416001826524734,
      0.060447998344898224,
      0.060416001826524734,
      0.05939200147986412,
      0.058368001133203506,
      0.07782399654388428,
      0.07280000299215317,
      0.06143999844789505,
      0.060416001826524734,
      0.05939200147986412,
      0.06038400158286095,
      0.058368001133203506,
      0.05939200147986412,
      0.06140799820423126,
      0.05939200147986412,
      0.09011200070381165,
      0.06864000111818314,
      0.060416001826524734,
      0.060416001826524734,
      0.058368001133203506,
      0.058400001376867294,
      0.05939200147986412,
      0.05939200147986412,
      0.060416001826524734,
      0.058400001376867294,
      0.058368001133203506,
      0.08089599758386612,
      0.062463998794555664,
      0.060416001826524734,
      0.060416001826524734,
      0.058368001133203506,
      0.05939200147986412,
      0.05734400078654289,
      0.05939200147986412,
      0.05939200147986412,
      0.058368001133203506,
      0.07782399654388428,
      0.06451199948787689,
      0.060416001826524734,
      0.05939200147986412,
      0.059328000992536545,
      0.060416001826524734,
      0.05939200147986412,
      0.058368001133203506,
      0.058368001133203506,
      0.05939200147986412,
      0.0727040022611618,
      0.07475200295448303,
      0.06143999844789505,
      0.05939200147986412,
      0.060416001826524734,
      0.058368001133203506,
      0.0594559982419014,
      0.060416001826524734,
      0.06035200133919716,
      0.060416001826524734,
      0.058368001133203506,
      0.07680000364780426,
      0.06348799914121628,
      0.060416001826524734,
      0.05939200147986412,
      0.05939200147986412,
      0.05939200147986412,
      0.058368001133203506,
      0.059487998485565186,
      0.060416001826524734,
      0.05939200147986412,
      0.07680000364780426,
      0.06656000018119812,
      0.06239999830722809,
      0.05939200147986412,
      0.06035200133919716,
      0.05939200147986412,
      0.059487998485565186,
      0.060416001826524734,
      0.058368001133203506,
      0.060416001826524734,
      0.060447998344898224,
      0.07475200295448303,
      0.06147199869155884,
      0.05843200162053108,
      0.05939200147986412,
      0.058368001133203506,
      0.05939200147986412,
      0.058368001133203506
    ]
  },
  "timestamp": "2025-10-13 19:41:42",
  "environment": {
    "python_version": "3.10.12",
    "python_implementation": "CPython",
    "torch_version": "2.2.1+cu121",
    "cuda_compiled_version": "12.1",
    "cudnn_version": 8902,
    "gpu": {
      "available": true,
      "name": "NVIDIA L4",
      "compute_capability": [
        8,
        9
      ],
      "memory_total_gb": 22.0450439453125,
      "driver_version": "12.1",
      "device_id": 0,
      "multi_processor_count": 58
    },
    "default_dtype": "torch.float16",
    "tf32_matmul_allowed": true,
    "tf32_cudnn_allowed": false,
    "matmul_precision": "high",
    "deterministic_algorithms": true,
    "cublas_workspace_config": ":4096:8",
    "pythonhashseed": "0",
    "packages": {
      "numpy": "1.26.4",
      "scipy": "1.15.3"
    },
    "host": {
      "node": "cudadent42-l4-dev",
      "os": "Linux",
      "os_version": "#43~22.04.1-Ubuntu SMP Wed Sep 24 23:11:19 UTC 2025",
      "arch": "x86_64"
    }
  }
}