{
  "sdpa": {
    "p50_ms": 0.02221499994448095,
    "p90_ms": 0.022528300041813054
  },
  "v3": {
    "p50_ms": 0.03793099972426717,
    "p90_ms": 0.04421240014380601
  }
}