{
  "dataset_sha256": "3a432837f7f7b00004c673d60ffee8f2e50096298b5d2af74fc081ab9ff98998",
  "dataset_version": "v0.4.0",
  "dataset_valid": true,
  "materials_count": 21,
  "timestamp": "2025-10-10T19:36:37.125780Z",
  "monte_carlo_seed": 42,
  "bootstrap_seed": 42,
  "mc_iterations": 1000,
  "bootstrap_iterations": 1000,
  "performance": {
    "total_runtime_s": 9.941931542009115,
    "mc_runtime_s": 5.037282250006683,
    "bootstrap_runtime_s": 4.8920785000082105,
    "loocv_runtime_s": 0.004805166041478515,
    "data_load_s": 0.000225226186947631,
    "per_material_avg_ms": 0.225226186947631,
    "per_material_p99_ms": 0.3780585946515203
  },
  "metrics": {
    "overall": {
      "rmse": 86.35229277077083,
      "mape": 68.0023100303163,
      "r2": -0.058341772791819624,
      "count": 21
    },
    "tiered": {
      "tier_A": {
        "rmse": 13.877480988338807,
        "mape": 71.28894789048131,
        "r2": -0.655706184791651,
        "count": 7
      },
      "tier_B": {
        "rmse": 5.390476672473295,
        "mape": 38.27217881179955,
        "r2": -3.802573751429489,
        "count": 6
      },
      "tier_C": {
        "rmse": 139.22493177388188,
        "mape": 87.42410031655947,
        "r2": -2.3954253875128084,
        "count": 8
      }
    },
    "outliers": {
      "count": 9,
      "fraction": 0.42857142857142855,
      "threshold_k": 30.0
    },
    "per_material": [
      {
        "material": "Nb",
        "composition": "Nb",
        "tier": "A",
        "tc_exp": 9.25,
        "tc_pred": 10.25859381868036,
        "error": 1.0085938186803602,
        "abs_error": 1.0085938186803602,
        "rel_error_pct": 10.903716958706596
      },
      {
        "material": "Pb",
        "composition": "Pb",
        "tier": "A",
        "tc_exp": 7.2,
        "tc_pred": 0.07401203442397293,
        "error": -7.125987965576027,
        "abs_error": 7.125987965576027,
        "rel_error_pct": 98.97205507744482
      },
      {
        "material": "V",
        "composition": "V",
        "tier": "A",
        "tc_exp": 5.4,
        "tc_pred": 16.663445587588054,
        "error": 11.263445587588054,
        "abs_error": 11.263445587588054,
        "rel_error_pct": 208.58232569607503
      },
      {
        "material": "Nb3Sn",
        "composition": "Nb3Sn",
        "tier": "A",
        "tc_exp": 18.05,
        "tc_pred": 16.564323703140357,
        "error": -1.4856762968596442,
        "abs_error": 1.4856762968596442,
        "rel_error_pct": 8.230893611410771
      },
      {
        "material": "Nb3Ge",
        "composition": "Nb3Ge",
        "tier": "A",
        "tc_exp": 23.2,
        "tc_pred": 17.009155424073708,
        "error": -6.190844575926292,
        "abs_error": 6.190844575926292,
        "rel_error_pct": 26.684674896234018
      },
      {
        "material": "V3Si",
        "composition": "V3Si",
        "tier": "A",
        "tc_exp": 17.1,
        "tc_pred": 6.116536287569095,
        "error": -10.983463712430908,
        "abs_error": 10.983463712430908,
        "rel_error_pct": 64.23078194404039
      },
      {
        "material": "MgB2",
        "composition": "MgB2",
        "tier": "A",
        "tc_exp": 39.0,
        "tc_pred": 7.246907050711566,
        "error": -31.753092949288433,
        "abs_error": 31.753092949288433,
        "rel_error_pct": 81.41818704945753
      },
      {
        "material": "NbN",
        "composition": "NbN",
        "tier": "B",
        "tc_exp": 16.0,
        "tc_pred": 14.692221692235469,
        "error": -1.307778307764531,
        "abs_error": 1.307778307764531,
        "rel_error_pct": 8.173614423528319
      },
      {
        "material": "NbC",
        "composition": "NbC",
        "tier": "B",
        "tc_exp": 11.1,
        "tc_pred": 14.723530823676532,
        "error": 3.623530823676532,
        "abs_error": 3.623530823676532,
        "rel_error_pct": 32.64442183492371
      },
      {
        "material": "VN",
        "composition": "VN",
        "tier": "B",
        "tc_exp": 8.2,
        "tc_pred": 20.564470657993997,
        "error": 12.364470657993998,
        "abs_error": 12.364470657993998,
        "rel_error_pct": 150.78622753651217
      },
      {
        "material": "TaC",
        "composition": "TaC",
        "tier": "B",
        "tc_exp": 10.35,
        "tc_pred": 9.828991402456744,
        "error": -0.5210085975432559,
        "abs_error": 0.5210085975432559,
        "rel_error_pct": 5.033899493171555
      },
      {
        "material": "MoN",
        "composition": "MoN",
        "tier": "B",
        "tc_exp": 12.0,
        "tc_pred": 13.963223870833488,
        "error": 1.9632238708334881,
        "abs_error": 1.9632238708334881,
        "rel_error_pct": 16.3601989236124
      },
      {
        "material": "NbTi",
        "composition": "NbTi0.5",
        "tier": "B",
        "tc_exp": 9.5,
        "tc_pred": 11.080297512609665,
        "error": 1.5802975126096648,
        "abs_error": 1.5802975126096648,
        "rel_error_pct": 16.634710659049105
      },
      {
        "material": "YBa2Cu3O7",
        "composition": "YBa2Cu3O7",
        "tier": "C",
        "tc_exp": 92.0,
        "tc_pred": 0.002520766658280876,
        "error": -91.99747923334172,
        "abs_error": 91.99747923334172,
        "rel_error_pct": 99.997260036241
      },
      {
        "material": "La1.85Sr0.15CuO4",
        "composition": "La1.85Sr0.15CuO4",
        "tier": "C",
        "tc_exp": 38.0,
        "tc_pred": 8.909873785188645e-05,
        "error": -37.99991090126215,
        "abs_error": 37.99991090126215,
        "rel_error_pct": 99.99976552963723
      },
      {
        "material": "Bi2Sr2CaCu2O8",
        "composition": "Bi2Sr2CaCu2O8",
        "tier": "C",
        "tc_exp": 85.0,
        "tc_pred": 7.93152328450922e-06,
        "error": -84.99999206847671,
        "abs_error": 84.99999206847671,
        "rel_error_pct": 99.99999066879613
      },
      {
        "material": "LaH10",
        "composition": "LaH10",
        "tier": "C",
        "tc_exp": 250.0,
        "tc_pred": 40.71219722790308,
        "error": -209.2878027720969,
        "abs_error": 209.2878027720969,
        "rel_error_pct": 83.71512110883876
      },
      {
        "material": "H3S",
        "composition": "H3S",
        "tier": "C",
        "tc_exp": 203.0,
        "tc_pred": 64.6502071744485,
        "error": -138.3497928255515,
        "abs_error": 138.3497928255515,
        "rel_error_pct": 68.15260730322734
      },
      {
        "material": "CaH6",
        "composition": "CaH6",
        "tier": "C",
        "tc_exp": 215.0,
        "tc_pred": 56.66819709235693,
        "error": -158.33180290764307,
        "abs_error": 158.33180290764307,
        "rel_error_pct": 73.64269902681073
      },
      {
        "material": "YH9",
        "composition": "YH9",
        "tier": "C",
        "tc_exp": 243.0,
        "tc_pred": 63.45392526739981,
        "error": -179.54607473260018,
        "abs_error": 179.54607473260018,
        "rel_error_pct": 73.88727355251035
      },
      {
        "material": "Hg1223",
        "composition": "HgBa2Ca2Cu3O8",
        "tier": "C",
        "tc_exp": 133.0,
        "tc_pred": 0.0025465424691503685,
        "error": -132.99745345753084,
        "abs_error": 132.99745345753084,
        "rel_error_pct": 99.99808530641417
      }
    ]
  },
  "monte_carlo": {
    "mc_stats": {
      "Nb": {
        "tc_p025": 9.513004488338884,
        "tc_p50": 10.244762719232867,
        "tc_p975": 11.007923890017858,
        "tc_std": 0.3760239446178906
      },
      "Pb": {
        "tc_p025": 0.06733086035391392,
        "tc_p50": 0.07391718306990988,
        "tc_p975": 0.08075673548568776,
        "tc_std": 0.0035522600676410154
      },
      "V": {
        "tc_p025": 15.396667106146593,
        "tc_p50": 16.65366620499067,
        "tc_p975": 17.915506534421088,
        "tc_std": 0.6485909617250201
      },
      "Nb3Sn": {
        "tc_p025": 15.102254644580686,