{
  "config": {
    "batch": 64,
    "heads": 8,
    "seq": 512,
    "dim": 64,
    "backend": "auto",
    "dtype": "float16",
    "iterations": 100,
    "warmup": 20
  },
  "statistics": {
    "median_ms": 0.6845439970493317,
    "mean_ms": 0.7589280045032502,
    "std_ms": 0.09693638085794364,
    "ci_95_lower": 0.6778879761695862,
    "ci_95_upper": 0.7905279994010925,
    "min_ms": 0.6686720252037048,
    "max_ms": 0.9236479997634888,
    "n_samples": 100
  },
  "performance": {
    "throughput_gflops": 50193.615773572936,
    "bandwidth_gb_s": 196.06881161551928
  },
  "memory": {
    "peak_mb": 161.0,
    "allocated_mb": 128.0,
    "reserved_mb": 162.0
  },
  "raw_latencies": [
    0.7915520071983337,
    0.8090239763259888,
    0.6871039867401123,
    0.6748160123825073,
    0.6809599995613098,
    0.6758400201797485,
    0.681984007358551,
    0.6768640279769897,
    0.6789119839668274,
    0.6717439889907837,
    0.6789119839668274,
    0.6758400201797485,
    0.6748160123825073,
    0.6686720252037048,
    0.6778879761695862,
    0.6748160123825073,
    0.6696959733963013,
    0.6737920045852661,
    0.6748160123825073,
    0.6778879761695862,
    0.6768640279769897,
    0.6748160123825073,
    0.6748160123825073,
    0.6768640279769897,
    0.6758400201797485,
    0.6748160123825073,
    0.7086079716682434,
    0.6768640279769897,
    0.6768640279769897,
    0.6737920045852661,
    0.6737920045852661,
    0.6758400201797485,
    0.6758400201797485,
    0.6737920045852661,
    0.6748160123825073,
    0.6789119839668274,
    0.6758400201797485,
    0.6727679967880249,
    0.6778879761695862,
    0.6727679967880249,
    0.6707199811935425,
    0.6737920045852661,
    0.6748160123825073,
    0.6717439889907837,
    0.6737920045852661,
    0.6758400201797485,
    0.6748160123825073,
    0.6768640279769897,
    0.6737920045852661,
    0.6717439889907837,
    0.6809599995613098,
    0.6748160123825073,
    0.6778879761695862,
    0.6717439889907837,
    0.78438401222229,
    0.7936000227928162,
    0.7895039916038513,
    0.7905279994010925,
    0.7956479787826538,
    0.7884799838066101,
    0.792576014995575,
    0.7905279994010925,
    0.7895039916038513,
    0.7905279994010925,
    0.7956479787826538,
    0.792576014995575,
    0.792576014995575,
    0.7915520071983337,
    0.8017920255661011,
    0.7874559760093689,
    0.7936000227928162,
    0.792576014995575,
    0.792576014995575,
    0.7895039916038513,
    0.7895039916038513,
    0.7936000227928162,
    0.7915520071983337,
    0.7936000227928162,
    0.8304640054702759,
    0.9195520281791687,
    0.9185280203819275,
    0.9226239919662476,
    0.9236479997634888,
    0.9226239919662476,
    0.9236479997634888,
    0.9185280203819275,
    0.9154559969902039,
    0.9215999841690063,
    0.9154559969902039,
    0.9154559969902039,
    0.9185280203819275,
    0.9175040125846863,
    0.9175040125846863,
    0.9175040125846863,
    0.9134079813957214,
    0.9185280203819275,
    0.9215999841690063,
    0.9195520281791687,
    0.9175040125846863,
    0.9185280203819275
  ]
}