{
  "config": {
    "batch": 32,
    "heads": 8,
    "seq": 512,
    "dim": 64,
    "backend": "auto",
    "dtype": "float16",
    "iterations": 100,
    "warmup": 20
  },
  "statistics": {
    "median_ms": 0.32102400064468384,
    "mean_ms": 0.33190815955400466,
    "std_ms": 0.024600560214900462,
    "ci_95_lower": 0.319487988948822,
    "ci_95_upper": 0.3379199951887131,
    "min_ms": 0.31334400177001953,
    "max_ms": 0.49459201097488403,
    "n_samples": 100
  },
  "performance": {
    "throughput_gflops": 53515.840402895745,
    "bandwidth_gb_s": 209.0462515738115
  },
  "memory": {
    "peak_mb": 80.5,
    "allocated_mb": 64.0,
    "reserved_mb": 94.0
  },
  "raw_latencies": [
    0.49459201097488403,
    0.45772799849510193,
    0.32767999172210693,
    0.32051199674606323,
    0.32153600454330444,
    0.32051199674606323,
    0.33484798669815063,
    0.319487988948822,
    0.3184640109539032,
    0.32153600454330444,
    0.317440003156662,
    0.3184640109539032,
    0.32051199674606323,
    0.3164159953594208,
    0.32051199674606323,
    0.3184640109539032,
    0.3164159953594208,
    0.3164159953594208,
    0.3184640109539032,
    0.3164159953594208,
    0.31539198756217957,
    0.317440003156662,
    0.3164159953594208,
    0.317440003156662,
    0.319487988948822,
    0.31539198756217957,
    0.317440003156662,
    0.319487988948822,
    0.3164159953594208,
    0.317440003156662,
    0.32051199674606323,
    0.3184640109539032,
    0.32870399951934814,
    0.31539198756217957,
    0.3184640109539032,
    0.31539198756217957,
    0.3164159953594208,
    0.31539198756217957,
    0.319487988948822,
    0.3164159953594208,
    0.317440003156662,
    0.32051199674606323,
    0.31539198756217957,
    0.317440003156662,
    0.3164159953594208,
    0.317440003156662,
    0.3164159953594208,
    0.3184640109539032,
    0.31334400177001953,
    0.3184640109539032,
    0.32153600454330444,
    0.31334400177001953,
    0.319487988948822,
    0.3184640109539032,
    0.3235839903354645,
    0.319487988948822,
    0.32051199674606323,
    0.31436800956726074,
    0.3256320059299469,
    0.32153600454330444,
    0.32044801115989685,
    0.3676159977912903,
    0.34406399726867676,
    0.34406399726867676,
    0.3491840064525604,
    0.34303998947143555,
    0.34303998947143555,
    0.3461120128631592,
    0.3420160114765167,
    0.3491840064525604,
    0.3409920036792755,
    0.3461120128631592,
    0.34406399726867676,
    0.3409920036792755,
    0.347135990858078,
    0.34406399726867676,
    0.34303998947143555,
    0.34508800506591797,
    0.3420160114765167,
    0.3409920036792755,
    0.3420160114765167,
    0.34300801157951355,
    0.34508800506591797,
    0.34406399726867676,
    0.3481599986553192,
    0.34508800506591797,
    0.34508800506591797,
    0.34303998947143555,
    0.34406399726867676,
    0.3409920036792755,
    0.34303998947143555,
    0.34406399726867676,
    0.34508800506591797,
    0.34303998947143555,
    0.3399679958820343,
    0.3409920036792755,
    0.34303998947143555,
    0.3399679958820343,
    0.3420160114765167,
    0.34303998947143555
  ]
}