{
  "config": {
    "batch": 32,
    "heads": 4,
    "seq": 512,
    "dim": 64,
    "backend": "auto",
    "dtype": "float16",
    "iterations": 100,
    "warmup": 20
  },
  "statistics": {
    "median_ms": 0.14643199741840363,
    "mean_ms": 0.1520192013680935,
    "std_ms": 0.028177089992383057,
    "ci_95_lower": 0.14643199741840363,
    "ci_95_upper": 0.14745600521564484,
    "min_ms": 0.1443839967250824,
    "max_ms": 0.3819519877433777,
    "n_samples": 100
  },
  "performance": {
    "throughput_gflops": 58661.59543979842,
    "bandwidth_gb_s": 229.14685718671257
  },
  "memory": {
    "peak_mb": 40.25,
    "allocated_mb": 32.0,
    "reserved_mb": 54.0
  },
  "raw_latencies": [
    0.3819519877433777,
    0.3031040132045746,
    0.1658879965543747,
    0.14950400590896606,
    0.15052799880504608,
    0.14643199741840363,
    0.15360000729560852,
    0.14643199741840363,
    0.14847999811172485,
    0.1454080045223236,
    0.15052799880504608,
    0.1454080045223236,
    0.1525759994983673,
    0.14643199741840363,
    0.1454080045223236,
    0.1443839967250824,
    0.14847999811172485,
    0.14537599682807922,
    0.15052799880504608,
    0.1443839967250824,
    0.1454080045223236,
    0.1515520066022873,
    0.14643199741840363,
    0.16076800227165222,
    0.14745600521564484,
    0.14643199741840363,
    0.14745600521564484,
    0.14847999811172485,
    0.1454080045223236,
    0.15052799880504608,
    0.14745600521564484,
    0.14643199741840363,
    0.14643199741840363,
    0.14847999811172485,
    0.14643199741840363,
    0.1515520066022873,
    0.14745600521564484,
    0.1443839967250824,
    0.1454080045223236,
    0.1475200057029724,
    0.1454080045223236,
    0.14950400590896606,
    0.14643199741840363,
    0.1454080045223236,
    0.1525759994983673,
    0.14643199741840363,
    0.16281600296497345,
    0.14643199741840363,
    0.14643199741840363,
    0.14531199634075165,
    0.1494400054216385,
    0.1454080045223236,
    0.1525759994983673,
    0.14745600521564484,
    0.14643199741840363,
    0.14745600521564484,
    0.14745600521564484,
    0.1454080045223236,
    0.1515520066022873,
    0.1454080045223236,
    0.14643199741840363,
    0.14537599682807922,
    0.14847999811172485,
    0.14643199741840363,
    0.15052799880504608,
    0.14950400590896606,
    0.14643199741840363,
    0.1525759994983673,
    0.14745600521564484,
    0.15052799880504608,
    0.14643199741840363,
    0.1454080045223236,
    0.14643199741840363,
    0.15052799880504608,
    0.14745600521564484,
    0.14950400590896606,
    0.1454080045223236,
    0.1454080045223236,
    0.1454080045223236,
    0.14745600521564484,
    0.1454080045223236,
    0.15148800611495972,
    0.14640000462532043,
    0.1454080045223236,
    0.1454080045223236,
    0.14745600521564484,
    0.14640000462532043,
    0.15052799880504608,
    0.14643199741840363,
    0.1443839967250824,
    0.1525759994983673,
    0.14745600521564484,
    0.16179199516773224,
    0.14643199741840363,
    0.1454080045223236,
    0.14643199741840363,
    0.14643199741840363,
    0.1454080045223236,
    0.15043200552463531,
    0.1454080045223236
  ]
}