{
  "config": {
    "batch": 32,
    "heads": 8,
    "seq": 256,
    "dim": 64,
    "backend": "auto",
    "dtype": "float16",
    "iterations": 100,
    "warmup": 20
  },
  "statistics": {
    "median_ms": 0.09932799637317657,
    "mean_ms": 0.10503615945577621,
    "std_ms": 0.02540461930086507,
    "ci_95_lower": 0.09932799637317657,
    "ci_95_upper": 0.10028800368309021,
    "min_ms": 0.09728000313043594,
    "max_ms": 0.30720001459121704,
    "n_samples": 100
  },
  "performance": {
    "throughput_gflops": 43240.24900153781,
    "bandwidth_gb_s": 337.81444532451417
  },
  "memory": {
    "peak_mb": 40.25,
    "allocated_mb": 32.0,
    "reserved_mb": 62.0
  },
  "raw_latencies": [
    0.30720001459121704,
    0.24268800020217896,
    0.11059200018644333,
    0.1013759970664978,
    0.11561600118875504,
    0.10956799983978271,
    0.10035199671983719,
    0.09929600358009338,
    0.1003199964761734,
    0.09929600358009338,
    0.10035199671983719,
    0.09932799637317657,
    0.10444799810647964,
    0.10332799702882767,
    0.09932799637317657,
    0.10035199671983719,
    0.09932799637317657,
    0.09932799637317657,
    0.09932799637317657,
    0.09827200323343277,
    0.1013759970664978,
    0.10342399775981903,
    0.10028800368309021,
    0.09830400347709656,
    0.09932799637317657,
    0.09932799637317657,
    0.09932799637317657,
    0.09830400347709656,
    0.1013759970664978,
    0.10239999741315842,
    0.10028800368309021,
    0.09935999661684036,
    0.10035199671983719,
    0.09932799637317657,
    0.09932799637317657,
    0.10025600343942642,
    0.10035199671983719,
    0.10342399775981903,
    0.09932799637317657,
    0.09932799637317657,
    0.09932799637317657,
    0.09830400347709656,
    0.09830400347709656,
    0.09932799637317657,
    0.12800000607967377,
    0.10547199845314026,
    0.09932799637317657,
    0.10956799983978271,
    0.10035199671983719,
    0.09932799637317657,
    0.09932799637317657,
    0.0992640033364296,
    0.11974400281906128,
    0.09830400347709656,
    0.09932799637317657,
    0.09830400347709656,
    0.11366400122642517,
    0.09932799637317657,
    0.09830400347709656,
    0.10547199845314026,
    0.11980800330638885,
    0.09932799637317657,
    0.10028800368309021,
    0.09932799637317657,
    0.09830400347709656,
    0.09830400347709656,
    0.09932799637317657,
    0.10444799810647964,
    0.10342399775981903,
    0.09830400347709656,
    0.09932799637317657,
    0.09939199686050415,
    0.09830400347709656,
    0.09830400347709656,
    0.09830400347709656,
    0.10143999755382538,
    0.10649599879980087,
    0.09830400347709656,
    0.09830400347709656,
    0.09830400347709656,
    0.09932799637317657,
    0.09830400347709656,
    0.09932799637317657,
    0.09932799637317657,
    0.1013759970664978,
    0.09830400347709656,
    0.09830400347709656,
    0.1013759970664978,
    0.1013759970664978,
    0.09830400347709656,
    0.09932799637317657,
    0.09830400347709656,
    0.12185599654912949,
    0.1013759970664978,
    0.09932799637317657,
    0.09932799637317657,
    0.09932799637317657,
    0.09728000313043594,
    0.10547199845314026,
    0.10649599879980087
  ]
}