{
  "config": {
    "batch": 32,
    "heads": 8,
    "seq": 128,
    "dim": 64,
    "backend": "auto",
    "dtype": "float16",
    "iterations": 100,
    "warmup": 20
  },
  "statistics": {
    "median_ms": 0.060416001826524734,
    "mean_ms": 0.06568544067442417,
    "std_ms": 0.021226240493040137,
    "ci_95_lower": 0.060416001826524734,
    "ci_95_upper": 0.06143999844789505,
    "min_ms": 0.058368001133203506,
    "max_ms": 0.26214399933815,
    "n_samples": 100
  },
  "performance": {
    "throughput_gflops": 17772.47403896545,
    "bandwidth_gb_s": 277.69490685883517
  },
  "memory": {
    "peak_mb": 20.125,
    "allocated_mb": 16.0,
    "reserved_mb": 22.0
  },
  "raw_latencies": [
    0.26214399933815,
    0.11366400122642517,
    0.07465600222349167,
    0.06348799914121628,
    0.060416001826524734,
    0.06143999844789505,
    0.05936000123620033,
    0.060416001826524734,
    0.060416001826524734,
    0.05939200147986412,
    0.060416001826524734,
    0.07475200295448303,
    0.07065600156784058,
    0.062463998794555664,
    0.060416001826524734,
    0.05942400172352791,
    0.060416001826524734,
    0.060416001826524734,
    0.06656000018119812,
    0.060416001826524734,
    0.05939200147986412,
    0.06963200122117996,
    0.08294399827718735,
    0.06348799914121628,
    0.062463998794555664,
    0.05929600074887276,
    0.060416001826524734,
    0.05939200147986412,
    0.06143999844789505,
    0.05939200147986412,
    0.05939200147986412,
    0.06143999844789505,
    0.06860800087451935,
    0.06656000018119812,
    0.060416001826524734,
    0.05939200147986412,
    0.058368001133203506,
    0.060416001826524734,
    0.05939200147986412,
    0.060416001826524734,
    0.06137600168585777,
    0.05942400172352791,
    0.060416001826524734,
    0.07782399654388428,
    0.06758400052785873,
    0.05942400172352791,
    0.06032000109553337,
    0.07884799689054489,
    0.06348799914121628,
    0.06758400052785873,
    0.060416001826524734,
    0.06752000004053116,
    0.06143999844789505,
    0.062463998794555664,
    0.0655359998345375,
    0.05939200147986412,
    0.05942400172352791,
    0.05939200147986412,
    0.060416001826524734,
    0.05929600074887276,
    0.060416001826524734,
    0.058368001133203506,
    0.05939200147986412,
    0.05936000123620033,
    0.0798719972372055,
    0.06451199948787689,
    0.060416001826524734,
    0.06143999844789505,
    0.05939200147986412,
    0.060416001826524734,
    0.058368001133203506,
    0.0655359998345375,
    0.06963200122117996,
    0.060416001826524734,
    0.06860800087451935,
    0.07884799689054489,
    0.07062400132417679,
    0.06143999844789505,
    0.060416001826524734,
    0.059487998485565186,
    0.060416001826524734,
    0.058368001133203506,
    0.060416001826524734,
    0.05939200147986412,
    0.06652799993753433,
    0.0798719972372055,
    0.06348799914121628,
    0.05939200147986412,
    0.060416001826524734,
    0.05939200147986412,
    0.05939200147986412,
    0.06963200122117996,
    0.062463998794555664,
    0.05939200147986412,
    0.06348799914121628,
    0.07065600156784058,
    0.06656000018119812,
    0.05939200147986412,
    0.05939200147986412,
    0.058368001133203506
  ]
}