{
  "environment": {
    "gpu": "NVIDIA L4",
    "cuda": "12.8",
    "pytorch": "2.9.0+cu128",
    "triton": "3.5.0"
  },
  "summary": {
    "all_correct": true,
    "all_under_5us": false,
    "best_latency": 2.2720000706613064,
    "worst_latency": 17.023999243974686,
    "avg_latency": 8.667777706351545
  },
  "results": [
    {
      "seq_len": 128,
      "batch_size": 8,
      "block_m": 64,
      "block_n": 32,
      "correctness": {
        "max_abs_diff": 0.001953125,
        "max_rel_diff": 2.740234375,
        "correct": true,
        "rtol": 0.001,
        "atol": 0.002
      },
      "our_kernel": {
        "median": 70.6080012023449,
        "mean": 73.2824324965477,
        "std": 10.816509134609879,
        "p50": 70.6080012023449,
        "p95": 91.18720106780525,
        "p99": 115.68032167851925,
        "min": 63.48799914121628,
        "max": 215.03999829292297
      },
      "pytorch_sdpa": {
        "median": 43.007999658584595,
        "mean": 45.09919987991452,
        "std": 4.616769153325245,
        "p50": 43.007999658584595,
        "p95": 56.401600688695865,
        "p99": 63.48799914121628,
        "min": 40.991999208927155,
        "max": 75.77600330114365
      },
      "per_seq_p50": 8.826000150293112,
      "per_seq_p95": 11.398400133475656,
      "per_seq_p99": 14.460040209814906,
      "sdpa_per_seq_p50": 5.375999957323074,
      "speedup": 0.6091094341466261,
      "target_met": false
    },
    {
      "seq_len": 128,
      "batch_size": 16,
      "block_m": 64,
      "block_n": 128,
      "correctness": {
        "max_abs_diff": 0.0009765625,
        "max_rel_diff": 0.01953125,
        "correct": true,
        "rtol": 0.001,
        "atol": 0.002
      },
      "our_kernel": {
        "median": 70.65600156784058,
        "mean": 73.9368646144867,
        "std": 14.439689373228177,
        "p50": 70.65600156784058,
        "p95": 92.16000139713287,
        "p99": 104.55327883362769,
        "min": 64.51199948787689,
        "max": 368.5440123081207
      },
      "pytorch_sdpa": {
        "median": 44.03200000524521,
        "mean": 45.81468803435564,
        "std": 4.742259276378148,
        "p50": 44.03200000524521,
        "p95": 56.32000043988228,
        "p99": 63.48895914852619,
        "min": 39.93599861860275,
        "max": 82.87999778985977
      },
      "per_seq_p50": 4.416000097990036,
      "per_seq_p95": 5.760000087320805,
      "per_seq_p99": 6.53457992710173,
      "sdpa_per_seq_p50": 2.7520000003278255,
      "speedup": 0.6231883920429285,
      "target_met": true
    },
    {
      "seq_len": 128,
      "batch_size": 32,
      "block_m": 64,
      "block_n": 128,
      "correctness": {
        "max_abs_diff": 0.001953125,
        "max_rel_diff": 0.0748291015625,
        "correct": true,
        "rtol": 0.001,
        "atol": 0.002
      },
      "our_kernel": {
        "median": 72.7040022611618,
        "mean": 75.05072158575058,
        "std": 5.94130950675244,
        "p50": 72.7040022611618,
        "p95": 87.0399996638298,
        "p99": 95.24224244058131,
        "min": 69.63200122117996,
        "max": 152.48000621795654
      },
      "pytorch_sdpa": {
        "median": 45.05600035190582,
        "mean": 46.85584017261863,
        "std": 9.22786789965754,
        "p50": 45.05600035190582,
        "p95": 58.36800113320351,
        "p99": 66.56000018119812,
        "min": 43.007999658584595,
        "max": 290.8160090446472
      },
      "per_seq_p50": 2.2720000706613064,
      "per_seq_p95": 2.7199999894946814,
      "per_seq_p99": 2.976320076268166,
      "sdpa_per_seq_p50": 1.408000010997057,
      "speedup": 0.6197182954255953,
      "target_met": true
    },
    {
      "seq_len": 256,
      "batch_size": 8,
      "block_m": 64,
      "block_n": 64,
      "correctness": {
        "max_abs_diff": 0.001953125,
        "max_rel_diff": 3.333984375,
        "correct": true,
        "rtol": 0.001,
        "atol": 0.002
      },
      "our_kernel": {
        "median": 69.63200122117996,
        "mean": 72.28105687350035,
        "std": 7.573180475709038,
        "p50": 69.63200122117996,
        "p95": 91.13600105047226,
        "p99": 101.3759970664978,
        "min": 66.56000018119812,
        "max": 133.12000036239624
      },
      "pytorch_sdpa": {
        "median": 45.05600035190582,
        "mean": 46.93456019833684,
        "std": 6.212349071906938,
        "p50": 45.05600035190582,
        "p95": 59.39200147986412,
        "p99": 70.65600156784058,
        "min": 43.007999658584595,
        "max": 110.59200018644333
      },
      "per_seq_p50": 8.704000152647495,
      "per_seq_p95": 11.392000131309032,
      "per_seq_p99": 12.671999633312225,
      "sdpa_per_seq_p50": 5.632000043988228,
      "speedup": 0.6470588172353309,
      "target_met": false
    },
    {
      "seq_len": 256,
      "batch_size": 16,
      "block_m": 64,
      "block_n": 64,
      "correctness": {
        "max_abs_diff": 0.001953125,
        "max_rel_diff": 8.6875,
        "correct": true,
        "rtol": 0.001,
        "atol": 0.002
      },
      "our_kernel": {
        "median": 89.08800035715103,
        "mean": 91.23996818810701,
        "std": 8.906783104052238,
        "p50": 89.08800035715103,
        "p95": 103.47519777715202,
        "p99": 114.58176061511038,
        "min": 83.96799862384796,
        "max": 285.69599986076355
      },
      "pytorch_sdpa": {
        "median": 60.416001826524734,
        "mean": 61.27340840920806,
        "std": 2.8667026314745407,
        "p50": 60.416001826524734,
        "p95": 65.5359998345375,
        "p99": 72.71360225975512,
        "min": 57.312000542879105,
        "max": 97.28000313043594
      },
      "per_seq_p50": 5.5680000223219395,
      "per_seq_p95": 6.467199861072001,
      "per_seq_p99": 7.161360038444399,
      "sdpa_per_seq_p50": 3.776000114157796,
      "speedup": 0.6781609373239814,
      "target_met": false
    },
    {
      "seq_len": 256,
      "batch_size": 32,
      "block_m": 64,
      "block_n": 64,
      "correctness": {
        "max_abs_diff": 0.001953125,
        "max_rel_diff": 15.0,
        "correct": true,
        "rtol": 0.001,
        "atol": 0.002
      },
      "our_kernel": {
        "median": 128.00000607967377,
        "mean": 130.17600063234568,
        "std": 6.530292369925286,
        "p50": 128.00000607967377,
        "p95": 144.3839967250824,
        "p99": 155.65823316574097,
        "min": 121.85599654912949,
        "max": 179.19999361038208
      },
      "pytorch_sdpa": {
        "median": 95.23200243711472,
        "mean": 96.38569798320532,
        "std": 3.4831286990848302,
        "p50": 95.23200243711472,
        "p95": 101.3759970664978,
        "p99": 111.65792077779768,
        "min": 92.16000139713287,
        "max": 123.90399724245071
      },
      "per_seq_p50": 4.000000189989805,
      "per_seq_p95": 4.511999897658825,
      "per_seq_p99": 4.864319786429405,
      "sdpa_per_seq_p50": 2.976000076159835,
      "speedup": 0.7439999837018557,
      "target_met": true
    },
    {
      "seq_len": 512,
      "batch_size": 8,
      "block_m": 64,
      "block_n": 128,
      "correctness": {
        "max_abs_diff": 0.001953125,
        "max_rel_diff": 22.671875,
        "correct": true,
        "rtol": 0.001,
        "atol": 0.002
      },
      "our_kernel": {
        "median": 136.19199395179749,
        "mean": 138.2164461761713,
        "std": 6.083734819163968,
        "p50": 136.19199395179749,
        "p95": 151.5520066022873,
        "p99": 162.82624289393425,
        "min": 131.071999669075,
        "max": 190.46400487422943
      },
      "pytorch_sdpa": {
        "median": 95.23200243711472,
        "mean": 95.33379394561052,
        "std": 3.13059369384753,
        "p50": 95.23200243711472,
        "p95": 99.32799637317657,
        "p99": 108.55423949658869,
        "min": 90.11200070381165,
        "max": 120.83200365304947
      },
      "per_seq_p50": 17.023999243974686,