{
  "environment": {
    "gpu": "NVIDIA H100 80GB HBM3",
    "cuda": "12.4",
    "pytorch": "2.4.1+cu124",
    "triton": "3.0.0"
  },
  "summary": {
    "all_correct": true,
    "all_under_5us": true,
    "best_latency": 0.7350000087171793,
    "worst_latency": 4.335999954491854,
    "avg_latency": 2.285999983238677
  },
  "results": [
    {
      "seq_len": 128,
      "batch_size": 8,
      "block_m": 64,
      "block_n": 32,
      "correctness": {
        "max_abs_diff": 0.001953125,
        "max_rel_diff": 0.8623046875,
        "correct": true,
        "rtol": 0.001,
        "atol": 0.002
      },
      "our_kernel": {
        "median": 20.767999812960625,
        "mean": 21.01651195436716,
        "std": 1.083619104263986,
        "p50": 20.767999812960625,
        "p95": 22.23999984562397,
        "p99": 26.1769600212574,
        "min": 20.160000771284103,
        "max": 35.93600168824196
      },
      "pytorch_sdpa": {
        "median": 17.59999990463257,
        "mean": 17.79679999127984,
        "std": 1.0667119510910539,
        "p50": 17.59999990463257,
        "p95": 18.559999763965607,
        "p99": 22.624000906944275,
        "min": 16.48000068962574,
        "max": 39.423998445272446
      },
      "per_seq_p50": 2.595999976620078,
      "per_seq_p95": 2.7799999807029963,
      "per_seq_p99": 3.272120002657175,
      "sdpa_per_seq_p50": 2.199999988079071,
      "speedup": 0.8474576301589231,
      "target_met": true
    },
    {
      "seq_len": 128,
      "batch_size": 16,
      "block_m": 64,
      "block_n": 128,
      "correctness": {
        "max_abs_diff": 0.001953125,
        "max_rel_diff": 0.00611114501953125,
        "correct": true,
        "rtol": 0.001,
        "atol": 0.002
      },
      "our_kernel": {
        "median": 21.824000403285027,
        "mean": 22.011232014745474,
        "std": 0.9380743009874037,
        "p50": 21.824000403285027,
        "p95": 22.945599630475044,
        "p99": 26.657279953360558,
        "min": 21.088000386953354,
        "max": 32.76799991726875
      },
      "pytorch_sdpa": {
        "median": 17.72800087928772,
        "mean": 17.919519999995828,
        "std": 0.8137863354497756,
        "p50": 17.72800087928772,
        "p95": 18.753599375486374,
        "p99": 22.4979199282825,
        "min": 16.79999940097332,
        "max": 25.248000398278236
      },
      "per_seq_p50": 1.3640000252053142,
      "per_seq_p95": 1.4340999769046903,
      "per_seq_p99": 1.6660799970850348,
      "sdpa_per_seq_p50": 1.1080000549554825,
      "speedup": 0.812316740821689,
      "target_met": true
    },
    {
      "seq_len": 128,
      "batch_size": 32,
      "block_m": 64,
      "block_n": 128,
      "correctness": {
        "max_abs_diff": 0.001953125,
        "max_rel_diff": 0.032012939453125,
        "correct": true,
        "rtol": 0.001,
        "atol": 0.002
      },
      "our_kernel": {
        "median": 23.520000278949738,
        "mean": 23.667584042996168,
        "std": 0.8362460830028967,
        "p50": 23.520000278949738,
        "p95": 24.447999894618988,
        "p99": 28.29215934500098,
        "min": 22.39999920129776,
        "max": 34.752000123262405
      },
      "pytorch_sdpa": {
        "median": 18.783999606966972,
        "mean": 18.981248009949923,
        "std": 0.8166993619859987,
        "p50": 18.783999606966972,
        "p95": 19.711999222636223,
        "p99": 23.776960354298353,
        "min": 18.271999433636665,
        "max": 25.82399919629097
      },
      "per_seq_p50": 0.7350000087171793,
      "per_seq_p95": 0.7639999967068434,
      "per_seq_p99": 0.8841299795312806,
      "sdpa_per_seq_p50": 0.5869999877177179,
      "speedup": 0.7986394295997752,
      "target_met": true
    },
    {
      "seq_len": 256,
      "batch_size": 8,
      "block_m": 64,
      "block_n": 64,
      "correctness": {
        "max_abs_diff": 0.001953125,
        "max_rel_diff": 17.890625,
        "correct": true,
        "rtol": 0.001,
        "atol": 0.002
      },
      "our_kernel": {
        "median": 22.87999913096428,
        "mean": 24.432287968695164,
        "std": 42.537451892907846,
        "p50": 22.87999913096428,
        "p95": 23.905599489808083,
        "p99": 28.672320395708084,
        "min": 22.175999358296394,
        "max": 1368.4159517288208
      },
      "pytorch_sdpa": {
        "median": 19.807999953627586,
        "mean": 19.960960045456886,
        "std": 0.6979005714775616,
        "p50": 19.807999953627586,
        "p95": 20.67199908196926,
        "p99": 23.87295924127102,
        "min": 18.880000337958336,
        "max": 30.33600002527237
      },
      "per_seq_p50": 2.859999891370535,
      "per_seq_p95": 2.9881999362260103,
      "per_seq_p99": 3.5840400494635105,
      "sdpa_per_seq_p50": 2.4759999942034483,
      "speedup": 0.8657342965901056,
      "target_met": true
    },
    {
      "seq_len": 256,
      "batch_size": 16,
      "block_m": 64,
      "block_n": 64,
      "correctness": {
        "max_abs_diff": 0.001953125,
        "max_rel_diff": 113.3125,
        "correct": true,
        "rtol": 0.001,
        "atol": 0.002
      },
      "our_kernel": {
        "median": 28.543999418616295,
        "mean": 28.71407999098301,
        "std": 0.9007927832422521,
        "p50": 28.543999418616295,
        "p95": 29.503999277949333,
        "p99": 33.792320266366005,
        "min": 27.23200060427189,
        "max": 39.0079990029335
      },
      "pytorch_sdpa": {
        "median": 22.175999358296394,
        "mean": 22.324319928884506,
        "std": 0.7376466638876409,
        "p50": 22.175999358296394,
        "p95": 23.04000034928322,
        "p99": 25.57855911552905,
        "min": 21.695999428629875,
        "max": 34.04799848794937
      },
      "per_seq_p50": 1.7839999636635184,
      "per_seq_p95": 1.8439999548718333,
      "per_seq_p99": 2.1120200166478753,
      "sdpa_per_seq_p50": 1.3859999598935246,
      "speedup": 0.776905822939209,
      "target_met": true
    },
    {
      "seq_len": 256,
      "batch_size": 32,
      "block_m": 64,
      "block_n": 64,
      "correctness": {
        "max_abs_diff": 0.001953125,
        "max_rel_diff": 113.3125,
        "correct": true,
        "rtol": 0.001,
        "atol": 0.002
      },
      "our_kernel": {
        "median": 37.696000188589096,
        "mean": 37.85775997489691,
        "std": 0.9015212750551004,
        "p50": 37.696000188589096,
        "p95": 38.945598527789116,
        "p99": 42.17696078121662,
        "min": 36.67199984192848,
        "max": 48.73599857091904
      },
      "pytorch_sdpa": {
        "median": 31.840000301599503,
        "mean": 31.931296030059457,
        "std": 1.0847146870386135,
        "p50": 31.840000301599503,
        "p95": 32.70399942994118,
        "p99": 33.56959857046604,
        "min": 30.848000198602676,
        "max": 61.91999837756157
      },
      "per_seq_p50": 1.1780000058934093,
      "per_seq_p95": 1.2170499539934099,
      "per_seq_p99": 1.3180300244130194,
      "sdpa_per_seq_p50": 0.9950000094249845,
      "speedup": 0.8446519562369311,
      "target_met": true
    },
    {
      "seq_len": 512,
      "batch_size": 8,
      "block_m": 64,
      "block_n": 128,
      "correctness": {
        "max_abs_diff": 0.001953125,
        "max_rel_diff": 52.0,
        "correct": true,
        "rtol": 0.001,
        "atol": 0.002
      },
      "our_kernel": {
        "median": 34.68799963593483,
        "mean": 34.85811197757721,
        "std": 0.8002189599694205,
        "p50": 34.68799963593483,
        "p95": 35.679999738931656,
        "p99": 39.52095918357372,
        "min": 33.79200026392937,
        "max": 44.60800066590309
      },
      "pytorch_sdpa": {
        "median": 28.736000880599022,
        "mean": 28.952928004786372,
        "std": 1.2739240392569315,
        "p50": 28.736000880599022,
        "p95": 29.69600073993206,
        "p99": 34.43552140146494,
        "min": 28.192000463604927,