{
  "experiment": "Phase 10 Tier 1: GP-based Active Learning",
  "dataset": "UCI Superconductivity",
  "n_seeds": 5,
  "n_rounds": 20,
  "batch_size": 20,
  "n_initial": 100,
  "timestamp": "2025-10-09T03:39:39.355976",
  "summary": {
    "gp_ei": {
      "mean_rmse": 20.481435523393653,
      "std_rmse": 3.21948024543666,
      "min_rmse": 16.760004587026756,
      "max_rmse": 24.80215321929231
    },
    "random": {
      "mean_rmse": 16.030952902414704,
      "std_rmse": 0.3755504952330468,
      "min_rmse": 15.654392907944391,
      "max_rmse": 16.745001831148333
    }
  },
  "improvement_percent": -27.761809594665976,
  "p_value": 0.042184951946052644,
  "significant": false,
  "success": false
}