{
  "model_type": "RandomForestQRF",
  "n_estimators": 200,
  "max_depth": 20,
  "min_samples_split": 5,
  "min_samples_leaf": 2,
  "max_features": "sqrt",
  "bootstrap": true,
  "random_state": 42,
  "n_features_in": 81,
  "feature_importances": [
    0.003925813369195575,
    0.0029071717454685004,
    0.005115730935315873,
    0.0028371090431754844,
    0.004424190670082068,
    0.005574627890342691,
    0.052168100643344296,
    0.00495996409457236,
    0.0042897577159749355,
    0.010426571496879655,
    0.005447544157751594,
    0.00196004744166044,
    0.004767348882185209,
    0.001978355983193384,
    0.003992730188083892,
    0.005403673134398178,
    0.0073083853062880415,
    0.02647852655906478,
    0.005423700738809828,
    0.016455682769917608,
    0.011696890224825207,
    0.0028399138850533205,
    0.00492975145691295,
    0.002148266087092105,
    0.006362504943093357,
    0.006153136531164751,
    0.015490532089302312,
    0.052961232659544874,
    0.0038129414186479187,
    0.0060455209095539204,
    0.004054336576097484,
    0.003372044534193881,
    0.0038060623338576943,
    0.01719695521751685,
    0.018568248840420184,
    0.004532258918184441,
    0.006074693450600573,
    0.0038272842419022663,
    0.0038369713328153415,
    0.007093970576547513,
    0.0053533883154252065,
    0.002292708814204174,
    0.0072646365825159015,
    0.005914151048996153,
    0.01328578822831534,
    0.0022555487204358343,
    0.0039779022146521495,
    0.004067337633236999,
    0.013555224382918145,
    0.008065526168049947,
    0.017910609542858648,
    0.0019802451047093153,
    0.005974054116350503,
    0.009210325266574346,
    0.008566716017460526,
    0.005690129855667867,
    0.00883359762283103,
    0.0008952651565639428,
    0.0052739549776461125,
    0.0020518571543472128,
    0.004295475214757729,
    0.010719775881861805,
    0.017515724394403732,
    0.003558491804371063,
    0.0181583648491933,
    0.0028354257865376834,
    0.008875307593669723,
    0.08163960457156537,
    0.01367432133780713,
    0.03802944616078923,
    0.08181565198634824,
    0.018134992108878704,
    0.0650798962346829,
    0.010361491009739345,
    0.04591066216001526,
    0.016131805045665772,
    0.04455967799218505,
    0.0008146549216830023,
    0.010264990994645075,
    0.0019274274625282802,
    0.012629296571880937
  ]
}