{
  "quantile_adjustment": 0.98,
  "test_rmse": 9.591669092286839,
  "coverage": 0.9247648902821317,
  "mean_width": 35.14307629019593,
  "target_coverage": [
    0.94,
    0.96
  ]
}