{
  "config": {
    "batch": 32,
    "heads": 8,
    "seq": 128,
    "dim": 64,
    "dtype": "torch.float16",
    "iterations": 100,
    "warmup": 20
  },
  "statistics": {
    "median_ms": 0.07065600156784058,
    "mean_ms": 0.07603424116969108,
    "std_ms": 0.024357927430411076,
    "ci_95_lower": 0.06963200122117996,
    "ci_95_upper": 0.07118400186300278,
    "n_samples": 100
  },
  "performance": {
    "throughput_gflops": 15196.753285975905,
    "bandwidth_gb_s": 237.4492700933735
  },
  "memory": {
    "peak_mb": 20.125,
    "allocated_mb": 16.0,
    "reserved_mb": 22.0,
    "peak_allocated_mb": 20.125,
    "peak_reserved_mb": 22.0
  },
  "raw_latencies": [
    0.3031040132045746,
    0.12492799758911133,
    0.08499199897050858,
    0.07372800260782242,
    0.07168000191450119,
    0.07065600156784058,
    0.07065600156784058,
    0.06963200122117996,
    0.06972800195217133,
    0.07884799689054489,
    0.09011200070381165,
    0.07782399654388428,
    0.07168000191450119,
    0.07168000191450119,
    0.07065600156784058,
    0.06860800087451935,
    0.06963200122117996,
    0.06963200122117996,
    0.06960000097751617,
    0.07577600330114365,
    0.09932799637317657,
    0.07168000191450119,
    0.06963200122117996,
    0.07065600156784058,
    0.06963200122117996,
    0.06963200122117996,
    0.06963200122117996,
    0.06963200122117996,
    0.08089599758386612,
    0.09216000139713287,
    0.07475200295448303,
    0.07065600156784058,
    0.07072000205516815,
    0.06860800087451935,
    0.07065600156784058,
    0.06860800087451935,
    0.07065600156784058,
    0.06963200122117996,
    0.07475200295448303,
    0.07680000364780426,
    0.0716480016708374,
    0.07065600156784058,
    0.06963200122117996,
    0.06972800195217133,
    0.06867200136184692,
    0.06963200122117996,
    0.06963200122117996,
    0.08191999793052673,
    0.09113600105047226,
    0.0727040022611618,
    0.07065600156784058,
    0.06963200122117996,
    0.06963200122117996,
    0.06963200122117996,
    0.06963200122117996,
    0.07680000364780426,
    0.07878399640321732,
    0.08806400001049042,
    0.07577600330114365,
    0.06963200122117996,
    0.06860800087451935,
    0.06860800087451935,
    0.06963200122117996,
    0.06758400052785873,
    0.07680000364780426,
    0.0727040022611618,
    0.08294399827718735,
    0.08191999793052673,
    0.07372800260782242,
    0.07168000191450119,
    0.06963200122117996,
    0.06963200122117996,
    0.06860800087451935,
    0.06963200122117996,
    0.06864000111818314,
    0.08191999793052673,
    0.09113600105047226,
    0.07372800260782242,
    0.07065600156784058,
    0.06860800087451935,
    0.06963200122117996,
    0.06963200122117996,
    0.06963200122117996,
    0.06860800087451935,
    0.06963200122117996,
    0.07577600330114365,
    0.07577600330114365,
    0.07065600156784058,
    0.06963200122117996,
    0.06963200122117996,
    0.06860800087451935,
    0.06860800087451935,
    0.06860800087451935,
    0.06860800087451935,
    0.07884799689054489,
    0.08908800035715103,
    0.07372800260782242,
    0.06956800073385239,
    0.06963200122117996,
    0.06764800101518631
  ],
  "timestamp": "2025-10-13 20:25:25",
  "gpu": "NVIDIA L4",
  "pytorch_version": "2.2.1+cu121"
}