{
  "name": "baseline_auto",
  "backend": "auto",
  "config": {
    "batch": 32,
    "heads": 8,
    "seq": 512,
    "dim": 64,
    "dtype": "torch.float16"
  },
  "statistics": {
    "median_ms": 0.32051199674606323,
    "mean_ms": 0.32894847899675367,
    "std_ms": 0.028254412742138683,
    "ci_95_lower": 0.319487988948822,
    "ci_95_upper": 0.32153600454330444,
    "n_samples": 100
  },
  "performance": {
    "throughput_gflops": 53601.32961765967,
    "bandwidth_gb_s": 209.3801938189831
  },
  "memory": {
    "peak_mb": 80.5
  },
  "raw_latencies": [
    0.5294079780578613,
    0.4628480076789856,
    0.3307519853115082,
    0.32256001234054565,
    0.3153280019760132,
    0.3164159953594208,
    0.32256001234054565,
    0.3164159953594208,
    0.32870399951934814,
    0.319487988948822,
    0.31539198756217957,
    0.32051199674606323,
    0.31436800956726074,
    0.31436800956726074,
    0.32153600454330444,
    0.31436800956726074,
    0.32051199674606323,
    0.3173759877681732,
    0.3164159953594208,
    0.31539198756217957,
    0.319487988948822,
    0.31334400177001953,
    0.31539198756217957,
    0.3184640109539032,
    0.31436800956726074,
    0.31539198756217957,
    0.319487988948822,
    0.3164159953594208,
    0.3164159953594208,
    0.32153600454330444,
    0.32051199674606323,
    0.3184640109539032,
    0.3235839903354645,
    0.317440003156662,
    0.32870399951934814,
    0.319487988948822,
    0.317440003156662,
    0.3246079981327057,
    0.32051199674606323,
    0.319487988948822,
    0.32256001234054565,
    0.317440003156662,
    0.3256320059299469,
    0.32150399684906006,
    0.319487988948822,
    0.32153600454330444,
    0.32153600454330444,
    0.3184640109539032,
    0.319487988948822,
    0.32153600454330444,
    0.3184320032596588,
    0.3256320059299469,
    0.32256001234054565,
    0.31539198756217957,
    0.32051199674606323,
    0.319487988948822,
    0.3164159953594208,
    0.33587199449539185,
    0.3184640109539032,
    0.31539198756217957,
    0.32153600454330444,
    0.317440003156662,
    0.3164159953594208,
    0.3266560137271881,
    0.32051199674606323,
    0.319487988948822,
    0.32051199674606323,
    0.317440003156662,
    0.317440003156662,
    0.32153600454330444,
    0.319487988948822,
    0.3184640109539032,
    0.32051199674606323,
    0.3184640109539032,
    0.317440003156662,
    0.32051199674606323,
    0.3164159953594208,
    0.317440003156662,
    0.32256001234054565,
    0.32153600454330444,
    0.33689600229263306,
    0.319487988948822,
    0.3164159953594208,
    0.32262399792671204,
    0.31539198756217957,
    0.3409920036792755,
    0.35942399501800537,
    0.35737600922584534,
    0.35737600922584534,
    0.35942399501800537,
    0.3563520014286041,
    0.35839998722076416,
    0.3553279936313629,
    0.35839998722076416,
    0.35839998722076416,
    0.3553279936313629,
    0.36454400420188904,
    0.3604480028152466,
    0.35737600922584534,
    0.3604480028152466
  ]
}