{
  "timestamp": "2025-10-08T01:55:13.370824+00:00",
  "git_sha": "abc1008",
  "ci_run_id": "run_008",
  "regressions": [
    {
      "metric": "coverage",
      "current": 0.7,
      "baseline_mean": 0.87,
      "baseline_std": 0.011952286093343947,
      "baseline_ewma": 0.8708038400000003,
      "delta": -0.17000000000000004,
      "z_score": -14.223220451079275,
      "z_triggered": true,
      "ph_triggered": false,
      "waived": false,
      "waiver_reason": null,
      "waiver_expires": null
    },
    {
      "metric": "ece",
      "current": 0.25,
      "baseline_mean": 0.12,
      "baseline_std": 0.01195228609334394,
      "baseline_ewma": 0.11919616000000002,
      "delta": 0.13,
      "z_score": 10.87658034494298,
      "z_triggered": true,
      "ph_triggered": false,
      "waived": false,
      "waiver_reason": null,
      "waiver_expires": null
    },
    {
      "metric": "brier",
      "current": 0.18,
      "baseline_mean": 0.09999999999999999,
      "baseline_std": 0.011952286093343936,
      "baseline_ewma": 0.09919616000000003,
      "delta": 0.08,
      "z_score": 6.6932802122726045,
      "z_triggered": true,
      "ph_triggered": false,
      "waived": false,
      "waiver_reason": null,
      "waiver_expires": null
    },
    {
      "metric": "entropy_delta_mean",
      "current": 0.12,
      "baseline_mean": 0.05,
      "baseline_std": 0.011952286093343938,
      "baseline_ewma": 0.04919616000000001,
      "delta": 0.06999999999999999,
      "z_score": 5.856620185738527,
      "z_triggered": true,
      "ph_triggered": false,
      "waived": false,
      "waiver_reason": null,
      "waiver_expires": null
    }
  ],
  "warnings": [],
  "waivers_applied": [],
  "passed": false
}