{
  "name": "baseline_auto",
  "backend": "auto",
  "config": {
    "batch": 32,
    "heads": 8,
    "seq": 512,
    "dim": 64,
    "dtype": "torch.float16"
  },
  "statistics": {
    "median_ms": 0.32256001234054565,
    "mean_ms": 0.3362313598394394,
    "std_ms": 0.027522891786089153,
    "ci_95_lower": 0.32051199674606323,
    "ci_95_upper": 0.3246079981327057,
    "n_samples": 100
  },
  "performance": {
    "throughput_gflops": 53261.001136936335,
    "bandwidth_gb_s": 208.05078569115756
  },
  "memory": {
    "peak_mb": 80.5
  },
  "raw_latencies": [
    0.48025599122047424,
    0.4546560049057007,
    0.33484798669815063,
    0.32256001234054565,
    0.3184640109539032,
    0.32051199674606323,
    0.32051199674606323,
    0.317440003156662,
    0.3235839903354645,
    0.319487988948822,
    0.3164159953594208,
    0.32870399951934814,
    0.31539198756217957,
    0.3256320059299469,
    0.3246079981327057,
    0.31539198756217957,
    0.319487988948822,
    0.3195199966430664,
    0.319487988948822,
    0.3235839903354645,
    0.32051199674606323,
    0.3164159953594208,
    0.32153600454330444,
    0.32153600454330444,
    0.31545600295066833,
    0.32051199674606323,
    0.32051199674606323,
    0.3163520097732544,
    0.32256001234054565,
    0.319487988948822,
    0.3164159953594208,
    0.32256001234054565,
    0.3184640109539032,
    0.31539198756217957,
    0.32870399951934814,
    0.3164159953594208,
    0.32972800731658936,
    0.32051199674606323,
    0.3184640109539032,
    0.32153600454330444,
    0.317440003156662,
    0.32051199674606323,
    0.32153600454330444,
    0.3184640109539032,
    0.3184640109539032,
    0.3235839903354645,
    0.319487988948822,
    0.3164159953594208,
    0.32153600454330444,
    0.32051199674606323,
    0.3164159953594208,
    0.319487988948822,
    0.3184640109539032,
    0.31539198756217957,
    0.32256001234054565,
    0.3184640109539032,
    0.317440003156662,
    0.32870399951934814,
    0.3164159953594208,
    0.3246079981327057,
    0.3317759931087494,
    0.317440003156662,
    0.32256001234054565,
    0.32051199674606323,
    0.31539198756217957,
    0.32256001234054565,
    0.319487988948822,
    0.3164159953594208,
    0.32256001234054565,
    0.31750398874282837,
    0.3563520014286041,
    0.36454400420188904,
    0.3635199964046478,
    0.3676159977912903,
    0.36454400420188904,
    0.3614720106124878,
    0.36556801199913025,
    0.36556801199913025,
    0.3604480028152466,
    0.36556801199913025,
    0.3614720106124878,
    0.36454400420188904,
    0.3624959886074066,
    0.3624959886074066,
    0.37273600697517395,
    0.3604480028152466,
    0.3635199964046478,
    0.3624959886074066,
    0.35942399501800537,
    0.3635199964046478,
    0.3614720106124878,
    0.3635199964046478,
    0.3614720106124878,
    0.3614720106124878,
    0.3665919899940491,
    0.3635199964046478,
    0.36454400420188904,
    0.3624959886074066,
    0.35839998722076416,
    0.36556801199913025
  ]
}