{
  "config": {
    "batch": 8,
    "heads": 8,
    "seq": 512,
    "dim": 64,
    "backend": "auto",
    "dtype": "float16",
    "iterations": 100,
    "warmup": 20
  },
  "statistics": {
    "median_ms": 0.10035199671983719,
    "mean_ms": 0.10783487752079964,
    "std_ms": 0.061656506957794115,
    "ci_95_lower": 0.1003199964761734,
    "ci_95_upper": 0.10127999633550644,
    "min_ms": 0.09830400347709656,
    "max_ms": 0.7167999744415283,
    "n_samples": 100
  },
  "performance": {
    "throughput_gflops": 42799.021807116544,
    "bandwidth_gb_s": 167.183678934049
  },
  "memory": {
    "peak_mb": 20.125,
    "allocated_mb": 16.0,
    "reserved_mb": 22.0
  },
  "raw_latencies": [
    0.7167999744415283,
    0.130048006772995,
    0.10444799810647964,
    0.10035199671983719,
    0.10956799983978271,
    0.10239999741315842,
    0.1013759970664978,
    0.10035199671983719,
    0.10035199671983719,
    0.1013759970664978,
    0.09932799637317657,
    0.1157120019197464,
    0.10342399775981903,
    0.1013759970664978,
    0.09932799637317657,
    0.10035199671983719,
    0.10035199671983719,
    0.10239999741315842,
    0.1003199964761734,
    0.10342399775981903,
    0.09932799637317657,
    0.09830400347709656,
    0.09932799637317657,
    0.10035199671983719,
    0.1085439994931221,
    0.10035199671983719,
    0.09932799637317657,
    0.10751999914646149,
    0.10035199671983719,
    0.10038399696350098,
    0.10035199671983719,
    0.10028800368309021,
    0.10345599800348282,
    0.09932799637317657,
    0.10131199657917023,
    0.10444799810647964,
    0.09932799637317657,
    0.10028800368309021,
    0.09932799637317657,
    0.09830400347709656,
    0.1013759970664978,
    0.09830400347709656,
    0.10035199671983719,
    0.10444799810647964,
    0.10035199671983719,
    0.09932799637317657,
    0.09932799637317657,
    0.1003199964761734,
    0.10444799810647964,
    0.10035199671983719,
    0.09932799637317657,
    0.10239999741315842,
    0.09932799637317657,
    0.09932799637317657,
    0.09942399710416794,
    0.10035199671983719,
    0.10239999741315842,
    0.09932799637317657,
    0.10035199671983719,
    0.10342399775981903,
    0.10035199671983719,
    0.09932799637317657,
    0.09932799637317657,
    0.09932799637317657,
    0.10239999741315842,
    0.09932799637317657,
    0.11059200018644333,
    0.10239999741315842,
    0.09935999661684036,
    0.10035199671983719,
    0.09932799637317657,
    0.10239999741315842,
    0.10233599692583084,
    0.10127999633550644,
    0.11468800157308578,
    0.1013759970664978,
    0.1013759970664978,
    0.09932799637317657,
    0.09830400347709656,
    0.09932799637317657,
    0.10239999741315842,
    0.09932799637317657,
    0.10342399775981903,
    0.10342399775981903,
    0.09932799637317657,
    0.09932799637317657,
    0.09932799637317657,
    0.10547199845314026,
    0.09932799637317657,
    0.09830400347709656,
    0.10239999741315842,
    0.10444799810647964,
    0.10035199671983719,
    0.09932799637317657,
    0.09830400347709656,
    0.10547199845314026,
    0.1013759970664978,
    0.09932799637317657,
    0.10339199751615524,
    0.09932799637317657
  ]
}