{
  "config": {
    "batch": 32,
    "heads": 8,
    "seq": 2048,
    "dim": 64,
    "backend": "auto",
    "dtype": "float16",
    "iterations": 100,
    "warmup": 20
  },
  "statistics": {
    "median_ms": 4.975615978240967,
    "mean_ms": 4.939325408935547,
    "std_ms": 0.10231538983224443,
    "ci_95_lower": 4.95359992980957,
    "ci_95_upper": 4.977152109146118,
    "min_ms": 4.634624004364014,
    "max_ms": 5.338111877441406,
    "n_samples": 100
  },
  "performance": {
    "throughput_gflops": 55245.00044739743,
    "bandwidth_gb_s": 53.950195749411556
  },
  "memory": {
    "peak_mb": 322.0,
    "allocated_mb": 256.0,
    "reserved_mb": 340.0
  },
  "raw_latencies": [
    5.295104026794434,
    5.338111877441406,
    4.675583839416504,
    4.646912097930908,
    4.6387200355529785,
    4.634624004364014,
    4.721663951873779,
    4.767744064331055,
    4.7718400955200195,
    4.7718400955200195,
    4.768767833709717,
    4.772863864898682,
    4.7718400955200195,
    4.774911880493164,
    4.779007911682129,
    4.766719818115234,
    4.95308780670166,
    4.989952087402344,
    4.97049617767334,
    4.929535865783691,
    4.927487850189209,
    4.925439834594727,
    4.945919990539551,
    4.987904071807861,
    4.988927841186523,
    4.988927841186523,
    4.9838080406188965,
    4.979712009429932,
    4.975615978240967,
    5.038080215454102,
    5.01964807510376,
    5.005311965942383,
    4.988927841186523,
    4.974592208862305,
    4.944896221160889,
    4.917247772216797,
    4.931583881378174,
    4.919295787811279,
    4.945919990539551,
    4.984831809997559,
    4.985856056213379,
    4.989952087402344,
    4.958208084106445,
    4.926464080810547,
    4.9203200340271,
    4.919295787811279,
    4.944896221160889,
    4.978687763214111,
    4.979712009429932,
    4.978687763214111,
    4.978687763214111,
    4.980735778808594,
    4.977663993835449,
    4.979712009429932,
    4.976640224456787,
    4.977663993835449,
    4.975615978240967,
    4.977663993835449,
    4.958208084106445,
    4.918272018432617,
    4.921343803405762,
    4.917247772216797,
    4.9397759437561035,
    4.981760025024414,
    4.976640224456787,
    4.978687763214111,
    4.978687763214111,
    4.976640224456787,
    4.977663993835449,
    4.978687763214111,
    4.947968006134033,
    4.917247772216797,
    4.930560111999512,
    4.9203200340271,
    4.942848205566406,
    4.973567962646484,
    4.978687763214111,
    4.988927841186523,
    4.959231853485107,
    4.919295787811279,
    4.922368049621582,
    4.926464080810547,
    4.9541120529174805,
    4.984831809997559,
    4.980735778808594,
    4.978687763214111,
    4.977663993835449,
    4.976640224456787,
    4.976640224456787,
    4.976640224456787,
    4.976640224456787,
    4.974592208862305,
    4.982783794403076,
    4.973567962646484,
    4.975615978240967,
    4.976640224456787,
    4.978687763214111,
    4.980735778808594,
    4.977663993835449,
    4.978687763214111
  ]
}