{
  "config": {
    "batch": 32,
    "heads": 8,
    "seq": 1024,
    "dim": 64,
    "backend": "auto",
    "dtype": "float16",
    "iterations": 100,
    "warmup": 20
  },
  "statistics": {
    "median_ms": 1.381376028060913,
    "mean_ms": 1.3409177660942078,
    "std_ms": 0.06455582530486549,
    "ci_95_lower": 1.3793280124664307,
    "ci_95_upper": 1.3824000358581543,
    "min_ms": 1.2298239469528198,
    "max_ms": 1.4213119745254517,
    "n_samples": 100
  },
  "performance": {
    "throughput_gflops": 49747.11833711491,
    "bandwidth_gb_s": 97.16234050217756
  },
  "memory": {
    "peak_mb": 161.0,
    "allocated_mb": 128.0,
    "reserved_mb": 162.0
  },
  "raw_latencies": [
    1.2298239469528198,
    1.3260799646377563,
    1.2666879892349243,
    1.2513279914855957,
    1.252351999282837,
    1.2492799758911133,
    1.2533760070800781,
    1.2472319602966309,
    1.2472319602966309,
    1.2718080282211304,
    1.2513279914855957,
    1.2431360483169556,
    1.2462079524993896,
    1.2472319602966309,
    1.2472319602966309,
    1.2431360483169556,
    1.2441600561141968,
    1.2441600561141968,
    1.2462079524993896,
    1.2421120405197144,
    1.2492799758911133,
    1.2472319602966309,
    1.2492799758911133,
    1.2410880327224731,
    1.2451839447021484,
    1.2421120405197144,
    1.2421120405197144,
    1.2451839447021484,
    1.248255968093872,
    1.2431360483169556,
    1.2441600561141968,
    1.2441600561141968,
    1.282047986984253,
    1.3824000358581543,
    1.3864959478378296,
    1.3783040046691895,
    1.3834240436553955,
    1.3875199556350708,
    1.3905919790267944,
    1.3864959478378296,
    1.3844480514526367,
    1.3824000358581543,
    1.3834240436553955,
    1.3824000358581543,
    1.3803520202636719,
    1.3824000358581543,
    1.3824000358581543,
    1.4213119745254517,
    1.3946880102157593,
    1.388543963432312,
    1.3926399946212769,
    1.3895679712295532,
    1.3905919790267944,
    1.3875199556350708,
    1.3957120180130005,
    1.3864959478378296,
    1.3967360258102417,
    1.4079999923706055,
    1.388543963432312,
    1.3834240436553955,
    1.388543963432312,
    1.3834240436553955,
    1.3844480514526367,
    1.3783040046691895,
    1.3864959478378296,
    1.3793280124664307,
    1.3905919790267944,
    1.385472059249878,
    1.385472059249878,
    1.3803520202636719,
    1.385472059249878,
    1.381376028060913,
    1.3824000358581543,
    1.381376028060913,
    1.3824000358581543,
    1.3844480514526367,
    1.3803520202636719,
    1.3783040046691895,
    1.3864959478378296,
    1.3803520202636719,
    1.3834240436553955,
    1.388543963432312,
    1.3834240436553955,
    1.3803520202636719,
    1.3824000358581543,
    1.3824000358581543,
    1.385472059249878,
    1.3803520202636719,
    1.385472059249878,
    1.3803520202636719,
    1.3824000358581543,
    1.3793280124664307,
    1.3793280124664307,
    1.3772799968719482,
    1.3895679712295532,
    1.376255989074707,
    1.3803520202636719,
    1.385472059249878,
    1.3875199556350708,
    1.3864959478378296
  ]
}