{
  "config": {
    "batch": 16,
    "heads": 8,
    "seq": 512,
    "dim": 64,
    "backend": "auto",
    "dtype": "float16",
    "iterations": 100,
    "warmup": 20
  },
  "statistics": {
    "median_ms": 0.14745600521564484,
    "mean_ms": 0.15214080154895782,
    "std_ms": 0.023321792779358898,
    "ci_95_lower": 0.14739200472831726,
    "ci_95_upper": 0.14847999811172485,
    "min_ms": 0.1454080045223236,
    "max_ms": 0.32870399951934814,
    "n_samples": 100
  },
  "performance": {
    "throughput_gflops": 58254.22016172063,
    "bandwidth_gb_s": 227.5555475067212
  },
  "memory": {
    "peak_mb": 40.25,
    "allocated_mb": 32.0,
    "reserved_mb": 62.0
  },
  "raw_latencies": [
    0.32870399951934814,
    0.29286399483680725,
    0.17510400712490082,
    0.1515520066022873,
    0.14745600521564484,
    0.14643199741840363,
    0.1515520066022873,
    0.14643199741840363,
    0.1525759994983673,
    0.14847999811172485,
    0.1454080045223236,
    0.14739200472831726,
    0.14950400590896606,
    0.14745600521564484,
    0.1515520066022873,
    0.14847999811172485,
    0.14643199741840363,
    0.14643199741840363,
    0.14847999811172485,
    0.14847999811172485,
    0.1515520066022873,
    0.14643199741840363,
    0.14739200472831726,
    0.1525759994983673,
    0.14847999811172485,
    0.16486400365829468,
    0.14841599762439728,
    0.14745600521564484,
    0.1454080045223236,
    0.14950400590896606,
    0.14643199741840363,
    0.1515520066022873,
    0.14643199741840363,
    0.14745600521564484,
    0.14643199741840363,
    0.14950400590896606,
    0.1454080045223236,
    0.14950400590896606,
    0.14745600521564484,
    0.14643199741840363,
    0.14643199741840363,
    0.1475519984960556,
    0.1454080045223236,
    0.15052799880504608,
    0.14950400590896606,
    0.1454080045223236,
    0.15360000729560852,
    0.14643199741840363,
    0.16179199516773224,
    0.14643199741840363,
    0.14643199741840363,
    0.1454080045223236,
    0.14745600521564484,
    0.1454080045223236,
    0.15052799880504608,
    0.14643199741840363,
    0.14643199741840363,
    0.14745600521564484,
    0.14847999811172485,
    0.14847999811172485,
    0.15052799880504608,
    0.14636799693107605,
    0.14735999703407288,
    0.14633600413799286,
    0.14950400590896606,
    0.14643199741840363,
    0.15059199929237366,
    0.1483840048313141,
    0.14640000462532043,
    0.15360000729560852,
    0.14745600521564484,
    0.16281600296497345,
    0.14745600521564484,
    0.1454080045223236,
    0.14643199741840363,
    0.14847999811172485,
    0.14745600521564484,
    0.1515520066022873,
    0.146464005112648,
    0.14643199741840363,
    0.14643199741840363,
    0.14950400590896606,
    0.14643199741840363,
    0.1515520066022873,
    0.14745600521564484,
    0.146464005112648,
    0.1504639983177185,
    0.15052799880504608,
    0.14643199741840363,
    0.14950400590896606,
    0.1454080045223236,
    0.14643199741840363,
    0.15267199277877808,
    0.14745600521564484,
    0.1525759994983673,
    0.1555519998073578,
    0.1483840048313141,
    0.14643199741840363,
    0.14847999811172485,
    0.1454080045223236
  ]
}