{
  "config": {
    "batch": 32,
    "heads": 16,
    "seq": 512,
    "dim": 64,
    "backend": "auto",
    "dtype": "float16",
    "iterations": 100,
    "warmup": 20
  },
  "statistics": {
    "median_ms": 0.6917119920253754,
    "mean_ms": 0.7674979192018508,
    "std_ms": 0.10977555198518006,
    "ci_95_lower": 0.6840320229530334,
    "ci_95_upper": 0.7879679799079895,
    "min_ms": 0.6625279784202576,
    "max_ms": 0.9656320214271545,
    "n_samples": 100
  },
  "performance": {
    "throughput_gflops": 49673.47503603713,
    "bandwidth_gb_s": 194.03701185952005
  },
  "memory": {
    "peak_mb": 161.0,
    "allocated_mb": 128.0,
    "reserved_mb": 162.0
  },
  "raw_latencies": [
    0.8079360127449036,
    0.7956479787826538,
    0.6768640279769897,
    0.6778879761695862,
    0.6666240096092224,
    0.6789119839668274,
    0.6696320176124573,
    0.6768640279769897,
    0.6717439889907837,
    0.6748160123825073,
    0.6666240096092224,
    0.6789119839668274,
    0.6707199811935425,
    0.6748160123825073,
    0.6666240096092224,
    0.6748160123825073,
    0.6666240096092224,
    0.6727679967880249,
    0.6625279784202576,
    0.6758400201797485,
    0.6656000018119812,
    0.6748160123825073,
    0.6676480174064636,
    0.6737920045852661,
    0.6656000018119812,
    0.6748160123825073,
    0.7065920233726501,
    0.6830080151557922,
    0.6799359917640686,
    0.6850559711456299,
    0.6891520023345947,
    0.6840320229530334,
    0.6809599995613098,
    0.6840320229530334,
    0.681984007358551,
    0.6850559711456299,
    0.6799359917640686,
    0.694271981716156,
    0.6789119839668274,
    0.6871039867401123,
    0.6789119839668274,
    0.681984007358551,
    0.6789119839668274,
    0.6860799789428711,
    0.6768640279769897,
    0.6860799789428711,
    0.6799359917640686,
    0.6881279945373535,
    0.6799359917640686,
    0.6881279945373535,
    0.6778879761695862,
    0.6830080151557922,
    0.6789119839668274,
    0.6850559711456299,
    0.7536640167236328,
    0.792576014995575,
    0.7854080200195312,
    0.7936000227928162,
    0.7874559760093689,
    0.7884799838066101,
    0.7864320278167725,
    0.8007680177688599,
    0.7854080200195312,
    0.7946239709854126,
    0.7884799838066101,
    0.7936000227928162,
    0.7874559760093689,
    0.7946239709854126,
    0.7874559760093689,
    0.792576014995575,
    0.7884799838066101,
    0.8038399815559387,
    0.7854080200195312,
    0.7936000227928162,
    0.7895039916038513,
    0.7915520071983337,
    0.7905279994010925,
    0.7895039916038513,
    0.8202239871025085,
    0.9605119824409485,
    0.954367995262146,
    0.9615359902381897,
    0.9564160108566284,
    0.9605119824409485,
    0.954367995262146,
    0.9605119824409485,
    0.9574400186538696,
    0.9594879746437073,
    0.9553920030593872,
    0.9625599980354309,
    0.9574400186538696,
    0.9605119824409485,
    0.9574400186538696,
    0.9584640264511108,
    0.9605119824409485,
    0.9605119824409485,
    0.9574400186538696,
    0.9656320214271545,
    0.9523199796676636,
    0.9318400025367737
  ]
}