{
  "0.0": {
    "vanilla_ei": {
      "rmse_mean": 22.559123539215765,
      "rmse_std": 0.7354551733945041,
      "regret_mean": 82.10794444444444,
      "regret_std": 16.744352499286745
    },
    "conformal_ei": {
      "rmse_mean": 22.504762957594004,
      "rmse_std": 0.7510795406288863,
      "regret_mean": 80.25294444444444,
      "regret_std": 15.116266244951879,
      "coverage_80_mean": 0.8000689655172414,
      "coverage_90_mean": 0.9002225705329152,
      "pi_width_mean": 113.37138586476927
    },
    "comparison": {
      "delta_rmse_mean": -0.05436058162175961,
      "p_value_rmse": 0.20955217132178772,
      "delta_regret_mean": 1.8549999999999998,
      "p_value_regret": 0.3599995058698332,
      "significant": false
    }
  },
  "2.0": {
    "vanilla_ei": {
      "rmse_mean": 22.460982120061644,
      "rmse_std": 0.7644290737019542,
      "regret_mean": 88.32205603390197,
      "regret_std": 14.044183283427195
    },
    "conformal_ei": {
      "rmse_mean": 22.508126504262222,
      "rmse_std": 0.7131445432139356,
      "regret_mean": 87.38124695588645,
      "regret_std": 14.93493175229184,
      "coverage_80_mean": 0.8002194357366772,
      "coverage_90_mean": 0.8998463949843261,
      "pi_width_mean": 113.42839424237457
    },
    "comparison": {
      "delta_rmse_mean": 0.04714438420057867,
      "p_value_rmse": 0.17117578695080757,
      "delta_regret_mean": 0.9408090780155127,
      "p_value_regret": 0.391059238580752,
      "significant": false
    }
  },
  "5.0": {
    "vanilla_ei": {
      "rmse_mean": 23.011216413615024,
      "rmse_std": 0.7718413252239649,
      "regret_mean": 95.37958530626554,
      "regret_std": 12.849481681895464
    },
    "conformal_ei": {
      "rmse_mean": 22.958533276838896,
      "rmse_std": 0.980829023034812,
      "regret_mean": 95.61695668819956,
      "regret_std": 13.165774934785917,
      "coverage_80_mean": 0.8010595611285268,
      "coverage_90_mean": 0.8999090909090908,
      "pi_width_mean": 115.03520610779006
    },
    "comparison": {
      "delta_rmse_mean": -0.05268313677612753,
      "p_value_rmse": 0.6294635498312113,
      "delta_regret_mean": -0.2373713819340267,
      "p_value_regret": 0.5190533661556653,
      "significant": false
    }
  },
  "10.0": {
    "vanilla_ei": {
      "rmse_mean": 24.90121308858133,
      "rmse_std": 0.739436064013,
      "regret_mean": 100.6653296567164,
      "regret_std": 18.46705186452707
    },
    "conformal_ei": {
      "rmse_mean": 24.866744365665305,
      "rmse_std": 0.7247206825878137,
      "regret_mean": 99.13254853609318,
      "regret_std": 18.627103557601743,
      "coverage_80_mean": 0.8001630094043886,
      "coverage_90_mean": 0.8995736677115987,
      "pi_width_mean": 123.23318092731616
    },
    "comparison": {
      "delta_rmse_mean": -0.03446872291602539,
      "p_value_rmse": 0.5221990766611071,
      "delta_regret_mean": 1.532781120623207,
      "p_value_regret": 0.10977892818926967,
      "significant": false
    }
  },
  "20.0": {
    "vanilla_ei": {
      "rmse_mean": 31.317697688638013,
      "rmse_std": 0.6970489174837043,
      "regret_mean": 114.20958639830008,
      "regret_std": 17.711326062847444
    },
    "conformal_ei": {
      "rmse_mean": 31.312100280625515,
      "rmse_std": 0.7293620637392676,
      "regret_mean": 111.9559989800679,
      "regret_std": 16.939688583798162,
      "coverage_80_mean": 0.7990564263322883,
      "coverage_90_mean": 0.9011316614420062,
      "pi_width_mean": 147.71203266785488
    },
    "comparison": {
      "delta_rmse_mean": -0.005597408012501859,
      "p_value_rmse": 0.942233156449342,
      "delta_regret_mean": 2.253587418232179,
      "p_value_regret": 0.187119918938575,
      "significant": false
    }
  },
  "50.0": {
    "vanilla_ei": {
      "rmse_mean": 58.34092910907678,
      "rmse_std": 0.9785823310431776,
      "regret_mean": 217.86278791675667,
      "regret_std": 17.626828309610595
    },
    "conformal_ei": {
      "rmse_mean": 58.20776364226312,
      "rmse_std": 1.0368547161395525,
      "regret_mean": 220.28935661521413,
      "regret_std": 19.92182359438968,
      "coverage_80_mean": 0.7946802507836992,
      "coverage_90_mean": 0.8998244514106583,
      "pi_width_mean": 256.3383353527245
    },
    "comparison": {
      "delta_rmse_mean": -0.13316546681366787,
      "p_value_rmse": 0.24975469534110867,
      "delta_regret_mean": -2.4265686984574586,
      "p_value_regret": 0.5862121332665842,
      "significant": false
    }
  }
}