{
  "observed_statistics": {
    "cei_rmse_mean_K": 22.504762957594004,
    "ei_rmse_mean_K": 22.559123539215765,
    "delta_rmse_K": 0.054360581621761384,
    "pooled_std_K": 0.7433084112345423,
    "cohens_d": 0.07313327926893126
  },
  "current_study": {
    "n_seeds": 10,
    "observed_std_K": 0.7433084112345423,
    "alpha": 0.05,
    "power": 0.8,
    "cohens_d": 1.3249473683434811,
    "mde_rmse_K": 0.9848445233327808,
    "interpretation": "With 10 seeds, we can detect \u0394RMSE \u2265 0.98 K at 80% power"
  },
  "required_n_for_observed_effect": {
    "n_seeds": 2936,
    "interpretation": "Need 2936 seeds to detect \u0394RMSE=0.054 K at 80% power"
  },
  "equivalence_test": {
    "epsilon_K": 1.5,
    "mean_delta_K": 0.8636626413372106,
    "p_lower": 7.587700676082324e-06,
    "p_upper": 0.036271034179267324,
    "p_tost": 0.036271034179267324,
    "reject_h0": true,
    "conclusion": "EQUIVALENT"
  },
  "practical_threshold": {
    "dft_experiment_mae_K": [
      2.0,
      5.0
    ],
    "synthesis_variability_K": [
      5.0,
      10.0
    ],
    "measurement_error_xrd_K": [
      1.0,
      3.0
    ],
    "multi_lab_reproducibility_K": [
      8.0,
      12.0
    ],
    "recommended_threshold_K": 1.5,
    "justification": "Effects smaller than 1.5 K are below typical synthesis variability (5-10 K) and within measurement error (1-3 K). For materials discovery, \u0394RMSE < 1.5 K is not practically meaningful.",
    "references": [
      "Stanev et al., npj Comput Mater 4:29 (2018) - DFT/experiment gap",
      "Zunger, Nature Rev Mater 3:117 (2018) - Synthesis variability",
      "MRS Bulletin 44:443 (2019) - Multi-lab reproducibility"
    ]
  },
  "power_curves": {
    "n=5": {
      "n_seeds": 5,
      "observed_std_K": 0.7433084112345423,
      "alpha": 0.05,
      "power": 0.8,
      "cohens_d": 2.024440145655355,
      "mde_rmse_K": 1.5047833883065074,
      "interpretation": "With 5 seeds, we can detect \u0394RMSE \u2265 1.50 K at 80% power"
    },
    "n=10": {
      "n_seeds": 10,
      "observed_std_K": 0.7433084112345423,
      "alpha": 0.05,
      "power": 0.8,
      "cohens_d": 1.3249473683434811,
      "mde_rmse_K": 0.9848445233327808,
      "interpretation": "With 10 seeds, we can detect \u0394RMSE \u2265 0.98 K at 80% power"
    },
    "n=20": {
      "n_seeds": 20,
      "observed_std_K": 0.7433084112345423,
      "alpha": 0.05,
      "power": 0.8,
      "cohens_d": 0.9091290410935777,
      "mde_rmse_K": 0.6757632631424502,
      "interpretation": "With 20 seeds, we can detect \u0394RMSE \u2265 0.68 K at 80% power"
    },
    "n=50": {
      "n_seeds": 50,
      "observed_std_K": 0.7433084112345423,
      "alpha": 0.05,
      "power": 0.8,
      "cohens_d": 0.5658802975131416,
      "mde_rmse_K": 0.4206235848934234,
      "interpretation": "With 50 seeds, we can detect \u0394RMSE \u2265 0.42 K at 80% power"
    },
    "n=100": {
      "n_seeds": 100,
      "observed_std_K": 0.7433084112345423,
      "alpha": 0.05,
      "power": 0.8,
      "cohens_d": 0.39813911389615253,
      "mde_rmse_K": 0.2959401522004776,
      "interpretation": "With 100 seeds, we can detect \u0394RMSE \u2265 0.30 K at 80% power"
    }
  }
}