{
  "timestamp": "2025-10-07T03:31:28.806646Z",
  "rows": 61,
  "train_samples": 45,
  "test_samples": 16,
  "features": [
    "duration_sec",
    "tests_total",
    "changed_files",
    "lines_added",
    "lines_deleted"
  ],
  "f1": 0.4444444444444444,
  "precision": 0.3333333333333333,
  "recall": 0.6666666666666666,
  "failure_rate": 0.16393442622950818,
  "status": "trained"
}